INVS_YR,INVS_DSRT,INVS_AREA_NM,DNF_SRC_NM,QTMT_NM,IEM_NM,IEM_CNT,METER_PER_IEM_CNT,ADM_ZN_NM,QTMT_CD,IEM_CD,INVS_YMD,CST_NM,STR_LA,STR_LO,END_LA,END_LO
2022,1차,강릉 송정,외국기인,플라스틱류,그물,0,0.0,강원,PL,PL_2_49,20220131,동해안,37.780347,128.937288,37.780843,128.936559
2022,1차,강릉 송정,외국기인,플라스틱류,"비닐포장(빙과류, 과자봉지, 비닐봉지 등)",0,0.0,강원,PL,PL_2_50,20220131,동해안,37.780347,128.937288,37.780843,128.936559
2022,1차,강릉 송정,국내기인,플라스틱류,"끈(노끈, 포장용끈)",7,0.35,강원,PL,PL_2_24,20220131,동해안,37.780347,128.937288,37.780843,128.936559
2022,1차,강릉 송정,국내기인,플라스틱류,"밧줄(꼬인 것, 어업용)",14,0.7,강원,PL,PL_2_25,20220131,동해안,37.780347,128.937288,37.780843,128.936559
2022,1차,강릉 송정,국내기인,플라스틱류,그물,0,0.0,강원,PL,PL_2_26,20220131,동해안,37.780347,128.937288,37.780843,128.936559
2022,1차,강릉 송정,국내기인,플라스틱류,비닐봉지,0,0.0,강원,PL,PL_2_31,20220131,동해안,37.780347,128.937288,37.780843,128.936559
2022,1차,강릉 송정,국내기인,플라스틱류,"비닐포장(빙과류, 과자봉지 등)",1,0.05,강원,PL,PL_2_32,20220131,동해안,37.780347,128.937288,37.780843,128.936559
2022,1차,동해 노봉,외국기인,플라스틱류,그물,0,0.0,강원,PL,PL_2_49,20220131,동해안,37.58859,129.09935,37.589185,129.098299
2022,1차,동해 노봉,외국기인,플라스틱류,"비닐포장(빙과류, 과자봉지, 비닐봉지 등)",0,0.0,강원,PL,PL_2_50,20220131,동해안,37.58859,129.09935,37.589185,129.098299
2022,1차,동해 노봉,국내기인,플라스틱류,"끈(노끈, 포장용끈)",5,0.25,강원,PL,PL_2_24,20220131,동해안,37.58859,129.09935,37.589185,129.098299
2022,1차,동해 노봉,국내기인,플라스틱류,"밧줄(꼬인 것, 어업용)",27,1.35,강원,PL,PL_2_25,20220131,동해안,37.58859,129.09935,37.589185,129.098299
2022,1차,동해 노봉,국내기인,플라스틱류,그물,0,0.0,강원,PL,PL_2_26,20220131,동해안,37.58859,129.09935,37.589185,129.098299
2022,1차,동해 노봉,국내기인,플라스틱류,비닐봉지,1,0.05,강원,PL,PL_2_31,20220131,동해안,37.58859,129.09935,37.589185,129.098299
2022,1차,동해 노봉,국내기인,플라스틱류,"비닐포장(빙과류, 과자봉지 등)",3,0.15,강원,PL,PL_2_32,20220131,동해안,37.58859,129.09935,37.589185,129.098299
2022,1차,부산 일광,외국기인,플라스틱류,그물,0,0.0,부산,PL,PL_2_49,20220131,동해안,35.252181,129.252428,35.252181,129.252428
2022,1차,부산 일광,외국기인,플라스틱류,"비닐포장(빙과류, 과자봉지, 비닐봉지 등)",0,0.0,부산,PL,PL_2_50,20220131,동해안,35.252181,129.252428,35.252181,129.252428
2022,1차,부산 일광,국내기인,플라스틱류,"끈(노끈, 포장용끈)",10,0.5,부산,PL,PL_2_24,20220131,동해안,35.252181,129.252428,35.252181,129.252428
2022,1차,부산 일광,국내기인,플라스틱류,"밧줄(꼬인 것, 어업용)",85,4.25,부산,PL,PL_2_25,20220131,동해안,35.252181,129.252428,35.252181,129.252428
2022,1차,부산 일광,국내기인,플라스틱류,그물,0,0.0,부산,PL,PL_2_26,20220131,동해안,35.252181,129.252428,35.252181,129.252428
2022,1차,부산 일광,국내기인,플라스틱류,비닐봉지,11,0.55,부산,PL,PL_2_31,20220131,동해안,35.252181,129.252428,35.252181,129.252428
2022,1차,부산 일광,국내기인,플라스틱류,"비닐포장(빙과류, 과자봉지 등)",79,3.95,부산,PL,PL_2_32,20220131,동해안,35.252181,129.252428,35.252181,129.252428
2022,1차,속초 청초,외국기인,플라스틱류,그물,0,0.0,강원,PL,PL_2_49,20220131,동해안,38.200627,128.597016,38.198843,128.597144
2022,1차,속초 청초,외국기인,플라스틱류,"비닐포장(빙과류, 과자봉지, 비닐봉지 등)",0,0.0,강원,PL,PL_2_50,20220131,동해안,38.200627,128.597016,38.198843,128.597144
2022,1차,속초 청초,국내기인,플라스틱류,"끈(노끈, 포장용끈)",1,0.05,강원,PL,PL_2_24,20220131,동해안,38.200627,128.597016,38.198843,128.597144
2022,1차,속초 청초,국내기인,플라스틱류,"밧줄(꼬인 것, 어업용)",12,0.6,강원,PL,PL_2_25,20220131,동해안,38.200627,128.597016,38.198843,128.597144
2022,1차,속초 청초,국내기인,플라스틱류,그물,0,0.0,강원,PL,PL_2_26,20220131,동해안,38.200627,128.597016,38.198843,128.597144
2022,1차,속초 청초,국내기인,플라스틱류,비닐봉지,12,0.6,강원,PL,PL_2_31,20220131,동해안,38.200627,128.597016,38.198843,128.597144
2022,1차,속초 청초,국내기인,플라스틱류,"비닐포장(빙과류, 과자봉지 등)",0,0.0,강원,PL,PL_2_32,20220131,동해안,38.200627,128.597016,38.198843,128.597144
2022,1차,영덕 고래불,외국기인,플라스틱류,그물,0,0.0,경북,PL,PL_2_49,20220131,동해안,36.591809,129.4101,36.590093,129.410426
2022,1차,영덕 고래불,외국기인,플라스틱류,"비닐포장(빙과류, 과자봉지, 비닐봉지 등)",0,0.0,경북,PL,PL_2_50,20220131,동해안,36.591809,129.4101,36.590093,129.410426
2022,1차,영덕 고래불,국내기인,플라스틱류,"끈(노끈, 포장용끈)",2,0.1,경북,PL,PL_2_24,20220131,동해안,36.591809,129.4101,36.590093,129.410426
2022,1차,영덕 고래불,국내기인,플라스틱류,"밧줄(꼬인 것, 어업용)",13,0.65,경북,PL,PL_2_25,20220131,동해안,36.591809,129.4101,36.590093,129.410426
2022,1차,영덕 고래불,국내기인,플라스틱류,그물,0,0.0,경북,PL,PL_2_26,20220131,동해안,36.591809,129.4101,36.590093,129.410426
2022,1차,영덕 고래불,국내기인,플라스틱류,비닐봉지,2,0.1,경북,PL,PL_2_31,20220131,동해안,36.591809,129.4101,36.590093,129.410426
2022,1차,영덕 고래불,국내기인,플라스틱류,"비닐포장(빙과류, 과자봉지 등)",12,0.6,경북,PL,PL_2_32,20220131,동해안,36.591809,129.4101,36.590093,129.410426
2022,1차,울릉 현포,외국기인,플라스틱류,그물,0,0.0,경북,PL,PL_2_49,20220131,동해안,37.52323,130.814637,37.52323,130.814637
2022,1차,울릉 현포,외국기인,플라스틱류,"비닐포장(빙과류, 과자봉지, 비닐봉지 등)",1,0.05,경북,PL,PL_2_50,20220131,동해안,37.52323,130.814637,37.52323,130.814637
2022,1차,울릉 현포,국내기인,플라스틱류,"끈(노끈, 포장용끈)",2,0.1,경북,PL,PL_2_24,20220131,동해안,37.52323,130.814637,37.52323,130.814637
2022,1차,울릉 현포,국내기인,플라스틱류,"밧줄(꼬인 것, 어업용)",4,0.2,경북,PL,PL_2_25,20220131,동해안,37.52323,130.814637,37.52323,130.814637
2022,1차,울릉 현포,국내기인,플라스틱류,그물,1,0.05,경북,PL,PL_2_26,20220131,동해안,37.52323,130.814637,37.52323,130.814637
2022,1차,울릉 현포,국내기인,플라스틱류,비닐봉지,0,0.0,경북,PL,PL_2_31,20220131,동해안,37.52323,130.814637,37.52323,130.814637
2022,1차,울릉 현포,국내기인,플라스틱류,"비닐포장(빙과류, 과자봉지 등)",3,0.15,경북,PL,PL_2_32,20220131,동해안,37.52323,130.814637,37.52323,130.814637
2022,1차,울산 대왕암,외국기인,플라스틱류,그물,0,0.0,울산,PL,PL_2_49,20220131,동해안,35.490138,129.439721,35.490602,129.440027
2022,1차,울산 대왕암,외국기인,플라스틱류,"비닐포장(빙과류, 과자봉지, 비닐봉지 등)",0,0.0,울산,PL,PL_2_50,20220131,동해안,35.490138,129.439721,35.490602,129.440027
2022,1차,울산 대왕암,국내기인,플라스틱류,"끈(노끈, 포장용끈)",2,0.1,울산,PL,PL_2_24,20220131,동해안,35.490138,129.439721,35.490602,129.440027
2022,1차,울산 대왕암,국내기인,플라스틱류,"밧줄(꼬인 것, 어업용)",9,0.45,울산,PL,PL_2_25,20220131,동해안,35.490138,129.439721,35.490602,129.440027
2022,1차,울산 대왕암,국내기인,플라스틱류,그물,0,0.0,울산,PL,PL_2_26,20220131,동해안,35.490138,129.439721,35.490602,129.440027
2022,1차,울산 대왕암,국내기인,플라스틱류,비닐봉지,5,0.25,울산,PL,PL_2_31,20220131,동해안,35.490138,129.439721,35.490602,129.440027
2022,1차,울산 대왕암,국내기인,플라스틱류,"비닐포장(빙과류, 과자봉지 등)",9,0.45,울산,PL,PL_2_32,20220131,동해안,35.490138,129.439721,35.490602,129.440027
2022,1차,울산 주전,외국기인,플라스틱류,그물,0,0.0,울산,PL,PL_2_49,20220131,동해안,35.568184,129.454903,35.568184,129.454903
2022,1차,울산 주전,외국기인,플라스틱류,"비닐포장(빙과류, 과자봉지, 비닐봉지 등)",0,0.0,울산,PL,PL_2_50,20220131,동해안,35.568184,129.454903,35.568184,129.454903
2022,1차,울산 주전,국내기인,플라스틱류,"끈(노끈, 포장용끈)",0,0.0,울산,PL,PL_2_24,20220131,동해안,35.568184,129.454903,35.568184,129.454903
2022,1차,울산 주전,국내기인,플라스틱류,"밧줄(꼬인 것, 어업용)",0,0.0,울산,PL,PL_2_25,20220131,동해안,35.568184,129.454903,35.568184,129.454903
2022,1차,울산 주전,국내기인,플라스틱류,그물,0,0.0,울산,PL,PL_2_26,20220131,동해안,35.568184,129.454903,35.568184,129.454903
2022,1차,울산 주전,국내기인,플라스틱류,비닐봉지,0,0.0,울산,PL,PL_2_31,20220131,동해안,35.568184,129.454903,35.568184,129.454903
2022,1차,울산 주전,국내기인,플라스틱류,"비닐포장(빙과류, 과자봉지 등)",6,0.3,울산,PL,PL_2_32,20220131,동해안,35.568184,129.454903,35.568184,129.454903
2022,1차,울주 나사리,외국기인,플라스틱류,그물,0,0.0,울산,PL,PL_2_49,20220131,동해안,35.355592,129.334535,35.355072,129.333999
2022,1차,울주 나사리,외국기인,플라스틱류,"비닐포장(빙과류, 과자봉지, 비닐봉지 등)",0,0.0,울산,PL,PL_2_50,20220131,동해안,35.355592,129.334535,35.355072,129.333999
2022,1차,울주 나사리,국내기인,플라스틱류,"끈(노끈, 포장용끈)",1,0.05,울산,PL,PL_2_24,20220131,동해안,35.355592,129.334535,35.355072,129.333999
2022,1차,울주 나사리,국내기인,플라스틱류,"밧줄(꼬인 것, 어업용)",8,0.4,울산,PL,PL_2_25,20220131,동해안,35.355592,129.334535,35.355072,129.333999
2022,1차,울주 나사리,국내기인,플라스틱류,그물,0,0.0,울산,PL,PL_2_26,20220131,동해안,35.355592,129.334535,35.355072,129.333999
2022,1차,울주 나사리,국내기인,플라스틱류,비닐봉지,0,0.0,울산,PL,PL_2_31,20220131,동해안,35.355592,129.334535,35.355072,129.333999
2022,1차,울주 나사리,국내기인,플라스틱류,"비닐포장(빙과류, 과자봉지 등)",9,0.45,울산,PL,PL_2_32,20220131,동해안,35.355592,129.334535,35.355072,129.333999
2022,1차,울진 후정,외국기인,플라스틱류,그물,0,0.0,경북,PL,PL_2_49,20220131,동해안,37.070654,129.415776,37.07136,129.414542
2022,1차,울진 후정,외국기인,플라스틱류,"비닐포장(빙과류, 과자봉지, 비닐봉지 등)",0,0.0,경북,PL,PL_2_50,20220131,동해안,37.070654,129.415776,37.07136,129.414542
2022,1차,울진 후정,국내기인,플라스틱류,"끈(노끈, 포장용끈)",1,0.05,경북,PL,PL_2_24,20220131,동해안,37.070654,129.415776,37.07136,129.414542
2022,1차,울진 후정,국내기인,플라스틱류,"밧줄(꼬인 것, 어업용)",2,0.1,경북,PL,PL_2_25,20220131,동해안,37.070654,129.415776,37.07136,129.414542
2022,1차,울진 후정,국내기인,플라스틱류,그물,0,0.0,경북,PL,PL_2_26,20220131,동해안,37.070654,129.415776,37.07136,129.414542
2022,1차,울진 후정,국내기인,플라스틱류,비닐봉지,0,0.0,경북,PL,PL_2_31,20220131,동해안,37.070654,129.415776,37.07136,129.414542
2022,1차,울진 후정,국내기인,플라스틱류,"비닐포장(빙과류, 과자봉지 등)",0,0.0,경북,PL,PL_2_32,20220131,동해안,37.070654,129.415776,37.07136,129.414542
2022,1차,포항 구룡포,외국기인,플라스틱류,그물,0,0.0,경북,PL,PL_2_49,20220131,동해안,36.063294,129.574351,36.063752,129.573411
2022,1차,포항 구룡포,외국기인,플라스틱류,"비닐포장(빙과류, 과자봉지, 비닐봉지 등)",0,0.0,경북,PL,PL_2_50,20220131,동해안,36.063294,129.574351,36.063752,129.573411
2022,1차,포항 구룡포,국내기인,플라스틱류,"끈(노끈, 포장용끈)",3,0.15,경북,PL,PL_2_24,20220131,동해안,36.063294,129.574351,36.063752,129.573411
2022,1차,포항 구룡포,국내기인,플라스틱류,"밧줄(꼬인 것, 어업용)",77,3.85,경북,PL,PL_2_25,20220131,동해안,36.063294,129.574351,36.063752,129.573411
2022,1차,포항 구룡포,국내기인,플라스틱류,그물,0,0.0,경북,PL,PL_2_26,20220131,동해안,36.063294,129.574351,36.063752,129.573411
2022,1차,포항 구룡포,국내기인,플라스틱류,비닐봉지,1,0.05,경북,PL,PL_2_31,20220131,동해안,36.063294,129.574351,36.063752,129.573411
2022,1차,포항 구룡포,국내기인,플라스틱류,"비닐포장(빙과류, 과자봉지 등)",16,0.8,경북,PL,PL_2_32,20220131,동해안,36.063294,129.574351,36.063752,129.573411
2022,1차,포항 칠포,외국기인,플라스틱류,그물,0,0.0,경북,PL,PL_2_49,20220131,동해안,36.133848,129.398305,36.134681,129.397533
2022,1차,포항 칠포,외국기인,플라스틱류,"비닐포장(빙과류, 과자봉지, 비닐봉지 등)",0,0.0,경북,PL,PL_2_50,20220131,동해안,36.133848,129.398305,36.134681,129.397533
2022,1차,포항 칠포,국내기인,플라스틱류,"끈(노끈, 포장용끈)",0,0.0,경북,PL,PL_2_24,20220131,동해안,36.133848,129.398305,36.134681,129.397533
2022,1차,포항 칠포,국내기인,플라스틱류,"밧줄(꼬인 것, 어업용)",9,0.45,경북,PL,PL_2_25,20220131,동해안,36.133848,129.398305,36.134681,129.397533
2022,1차,포항 칠포,국내기인,플라스틱류,그물,0,0.0,경북,PL,PL_2_26,20220131,동해안,36.133848,129.398305,36.134681,129.397533
2022,1차,포항 칠포,국내기인,플라스틱류,비닐봉지,4,0.2,경북,PL,PL_2_31,20220131,동해안,36.133848,129.398305,36.134681,129.397533
2022,1차,포항 칠포,국내기인,플라스틱류,"비닐포장(빙과류, 과자봉지 등)",4,0.2,경북,PL,PL_2_32,20220131,동해안,36.133848,129.398305,36.134681,129.397533
2022,2차,강릉 송정,외국기인,플라스틱류,그물,0,0.0,강원,PL,PL_2_49,20220331,동해안,37.780347,128.937288,37.780843,128.936559
2022,2차,강릉 송정,외국기인,플라스틱류,"비닐포장(빙과류, 과자봉지, 비닐봉지 등)",0,0.0,강원,PL,PL_2_50,20220331,동해안,37.780347,128.937288,37.780843,128.936559
2022,2차,강릉 송정,국내기인,플라스틱류,"끈(노끈, 포장용끈)",2,0.1,강원,PL,PL_2_24,20220331,동해안,37.780347,128.937288,37.780843,128.936559
2022,2차,강릉 송정,국내기인,플라스틱류,"밧줄(꼬인 것, 어업용)",1,0.05,강원,PL,PL_2_25,20220331,동해안,37.780347,128.937288,37.780843,128.936559
2022,2차,강릉 송정,국내기인,플라스틱류,그물,0,0.0,강원,PL,PL_2_26,20220331,동해안,37.780347,128.937288,37.780843,128.936559
2022,2차,강릉 송정,국내기인,플라스틱류,비닐봉지,0,0.0,강원,PL,PL_2_31,20220331,동해안,37.780347,128.937288,37.780843,128.936559
2022,2차,강릉 송정,국내기인,플라스틱류,"비닐포장(빙과류, 과자봉지 등)",0,0.0,강원,PL,PL_2_32,20220331,동해안,37.780347,128.937288,37.780843,128.936559
2022,2차,동해 노봉,외국기인,플라스틱류,그물,0,0.0,강원,PL,PL_2_49,20220331,동해안,37.58859,129.09935,37.589185,129.098299
2022,2차,동해 노봉,외국기인,플라스틱류,"비닐포장(빙과류, 과자봉지, 비닐봉지 등)",0,0.0,강원,PL,PL_2_50,20220331,동해안,37.58859,129.09935,37.589185,129.098299
2022,2차,동해 노봉,국내기인,플라스틱류,"끈(노끈, 포장용끈)",10,0.5,강원,PL,PL_2_24,20220331,동해안,37.58859,129.09935,37.589185,129.098299
2022,2차,동해 노봉,국내기인,플라스틱류,"밧줄(꼬인 것, 어업용)",25,1.25,강원,PL,PL_2_25,20220331,동해안,37.58859,129.09935,37.589185,129.098299
2022,2차,동해 노봉,국내기인,플라스틱류,그물,0,0.0,강원,PL,PL_2_26,20220331,동해안,37.58859,129.09935,37.589185,129.098299
2022,2차,동해 노봉,국내기인,플라스틱류,비닐봉지,0,0.0,강원,PL,PL_2_31,20220331,동해안,37.58859,129.09935,37.589185,129.098299
2022,2차,동해 노봉,국내기인,플라스틱류,"비닐포장(빙과류, 과자봉지 등)",3,0.15,강원,PL,PL_2_32,20220331,동해안,37.58859,129.09935,37.589185,129.098299
2022,2차,부산 일광,외국기인,플라스틱류,그물,0,0.0,부산,PL,PL_2_49,20220331,동해안,35.252181,129.252428,35.252181,129.252428
2022,2차,부산 일광,외국기인,플라스틱류,"비닐포장(빙과류, 과자봉지, 비닐봉지 등)",0,0.0,부산,PL,PL_2_50,20220331,동해안,35.252181,129.252428,35.252181,129.252428
2022,2차,부산 일광,국내기인,플라스틱류,"끈(노끈, 포장용끈)",0,0.0,부산,PL,PL_2_24,20220331,동해안,35.252181,129.252428,35.252181,129.252428
2022,2차,부산 일광,국내기인,플라스틱류,"밧줄(꼬인 것, 어업용)",50,2.5,부산,PL,PL_2_25,20220331,동해안,35.252181,129.252428,35.252181,129.252428
2022,2차,부산 일광,국내기인,플라스틱류,그물,0,0.0,부산,PL,PL_2_26,20220331,동해안,35.252181,129.252428,35.252181,129.252428
2022,2차,부산 일광,국내기인,플라스틱류,비닐봉지,1,0.05,부산,PL,PL_2_31,20220331,동해안,35.252181,129.252428,35.252181,129.252428
2022,2차,부산 일광,국내기인,플라스틱류,"비닐포장(빙과류, 과자봉지 등)",51,2.55,부산,PL,PL_2_32,20220331,동해안,35.252181,129.252428,35.252181,129.252428
2022,2차,속초 청초,외국기인,플라스틱류,그물,0,0.0,강원,PL,PL_2_49,20220331,동해안,38.200627,128.597016,38.198843,128.597144
2022,2차,속초 청초,외국기인,플라스틱류,"비닐포장(빙과류, 과자봉지, 비닐봉지 등)",0,0.0,강원,PL,PL_2_50,20220331,동해안,38.200627,128.597016,38.198843,128.597144
2022,2차,속초 청초,국내기인,플라스틱류,"끈(노끈, 포장용끈)",8,0.4,강원,PL,PL_2_24,20220331,동해안,38.200627,128.597016,38.198843,128.597144
2022,2차,속초 청초,국내기인,플라스틱류,"밧줄(꼬인 것, 어업용)",22,1.1,강원,PL,PL_2_25,20220331,동해안,38.200627,128.597016,38.198843,128.597144
2022,2차,속초 청초,국내기인,플라스틱류,그물,0,0.0,강원,PL,PL_2_26,20220331,동해안,38.200627,128.597016,38.198843,128.597144
2022,2차,속초 청초,국내기인,플라스틱류,비닐봉지,10,0.5,강원,PL,PL_2_31,20220331,동해안,38.200627,128.597016,38.198843,128.597144
2022,2차,속초 청초,국내기인,플라스틱류,"비닐포장(빙과류, 과자봉지 등)",4,0.2,강원,PL,PL_2_32,20220331,동해안,38.200627,128.597016,38.198843,128.597144
2022,2차,영덕 고래불,외국기인,플라스틱류,그물,0,0.0,경북,PL,PL_2_49,20220331,동해안,36.591809,129.4101,36.590093,129.410426
2022,2차,영덕 고래불,외국기인,플라스틱류,"비닐포장(빙과류, 과자봉지, 비닐봉지 등)",0,0.0,경북,PL,PL_2_50,20220331,동해안,36.591809,129.4101,36.590093,129.410426
2022,2차,영덕 고래불,국내기인,플라스틱류,"끈(노끈, 포장용끈)",8,0.4,경북,PL,PL_2_24,20220331,동해안,36.591809,129.4101,36.590093,129.410426
2022,2차,영덕 고래불,국내기인,플라스틱류,"밧줄(꼬인 것, 어업용)",13,0.65,경북,PL,PL_2_25,20220331,동해안,36.591809,129.4101,36.590093,129.410426
2022,2차,영덕 고래불,국내기인,플라스틱류,그물,0,0.0,경북,PL,PL_2_26,20220331,동해안,36.591809,129.4101,36.590093,129.410426
2022,2차,영덕 고래불,국내기인,플라스틱류,비닐봉지,0,0.0,경북,PL,PL_2_31,20220331,동해안,36.591809,129.4101,36.590093,129.410426
2022,2차,영덕 고래불,국내기인,플라스틱류,"비닐포장(빙과류, 과자봉지 등)",2,0.1,경북,PL,PL_2_32,20220331,동해안,36.591809,129.4101,36.590093,129.410426
2022,2차,울릉 현포,외국기인,플라스틱류,그물,0,0.0,경북,PL,PL_2_49,20220331,동해안,37.52323,130.814637,37.52323,130.814637
2022,2차,울릉 현포,외국기인,플라스틱류,"비닐포장(빙과류, 과자봉지, 비닐봉지 등)",1,0.05,경북,PL,PL_2_50,20220331,동해안,37.52323,130.814637,37.52323,130.814637
2022,2차,울릉 현포,국내기인,플라스틱류,"끈(노끈, 포장용끈)",4,0.2,경북,PL,PL_2_24,20220331,동해안,37.52323,130.814637,37.52323,130.814637
2022,2차,울릉 현포,국내기인,플라스틱류,"밧줄(꼬인 것, 어업용)",13,0.65,경북,PL,PL_2_25,20220331,동해안,37.52323,130.814637,37.52323,130.814637
2022,2차,울릉 현포,국내기인,플라스틱류,그물,0,0.0,경북,PL,PL_2_26,20220331,동해안,37.52323,130.814637,37.52323,130.814637
2022,2차,울릉 현포,국내기인,플라스틱류,비닐봉지,1,0.05,경북,PL,PL_2_31,20220331,동해안,37.52323,130.814637,37.52323,130.814637
2022,2차,울릉 현포,국내기인,플라스틱류,"비닐포장(빙과류, 과자봉지 등)",2,0.1,경북,PL,PL_2_32,20220331,동해안,37.52323,130.814637,37.52323,130.814637
2022,2차,울산 대왕암,외국기인,플라스틱류,그물,0,0.0,울산,PL,PL_2_49,20220331,동해안,35.490138,129.439721,35.490602,129.440027
2022,2차,울산 대왕암,외국기인,플라스틱류,"비닐포장(빙과류, 과자봉지, 비닐봉지 등)",0,0.0,울산,PL,PL_2_50,20220331,동해안,35.490138,129.439721,35.490602,129.440027
2022,2차,울산 대왕암,국내기인,플라스틱류,"끈(노끈, 포장용끈)",4,0.2,울산,PL,PL_2_24,20220331,동해안,35.490138,129.439721,35.490602,129.440027
2022,2차,울산 대왕암,국내기인,플라스틱류,"밧줄(꼬인 것, 어업용)",30,1.5,울산,PL,PL_2_25,20220331,동해안,35.490138,129.439721,35.490602,129.440027
2022,2차,울산 대왕암,국내기인,플라스틱류,그물,0,0.0,울산,PL,PL_2_26,20220331,동해안,35.490138,129.439721,35.490602,129.440027
2022,2차,울산 대왕암,국내기인,플라스틱류,비닐봉지,6,0.3,울산,PL,PL_2_31,20220331,동해안,35.490138,129.439721,35.490602,129.440027
2022,2차,울산 대왕암,국내기인,플라스틱류,"비닐포장(빙과류, 과자봉지 등)",16,0.8,울산,PL,PL_2_32,20220331,동해안,35.490138,129.439721,35.490602,129.440027
2022,2차,울산 주전,외국기인,플라스틱류,그물,0,0.0,울산,PL,PL_2_49,20220331,동해안,35.568184,129.454903,35.568184,129.454903
2022,2차,울산 주전,외국기인,플라스틱류,"비닐포장(빙과류, 과자봉지, 비닐봉지 등)",0,0.0,울산,PL,PL_2_50,20220331,동해안,35.568184,129.454903,35.568184,129.454903
2022,2차,울산 주전,국내기인,플라스틱류,"끈(노끈, 포장용끈)",15,0.75,울산,PL,PL_2_24,20220331,동해안,35.568184,129.454903,35.568184,129.454903
2022,2차,울산 주전,국내기인,플라스틱류,"밧줄(꼬인 것, 어업용)",8,0.4,울산,PL,PL_2_25,20220331,동해안,35.568184,129.454903,35.568184,129.454903
2022,2차,울산 주전,국내기인,플라스틱류,그물,4,0.2,울산,PL,PL_2_26,20220331,동해안,35.568184,129.454903,35.568184,129.454903
2022,2차,울산 주전,국내기인,플라스틱류,비닐봉지,0,0.0,울산,PL,PL_2_31,20220331,동해안,35.568184,129.454903,35.568184,129.454903
2022,2차,울산 주전,국내기인,플라스틱류,"비닐포장(빙과류, 과자봉지 등)",13,0.65,울산,PL,PL_2_32,20220331,동해안,35.568184,129.454903,35.568184,129.454903
2022,2차,울주 나사리,외국기인,플라스틱류,그물,0,0.0,울산,PL,PL_2_49,20220331,동해안,35.355592,129.334535,35.355072,129.333999
2022,2차,울주 나사리,외국기인,플라스틱류,"비닐포장(빙과류, 과자봉지, 비닐봉지 등)",0,0.0,울산,PL,PL_2_50,20220331,동해안,35.355592,129.334535,35.355072,129.333999
2022,2차,울주 나사리,국내기인,플라스틱류,"끈(노끈, 포장용끈)",0,0.0,울산,PL,PL_2_24,20220331,동해안,35.355592,129.334535,35.355072,129.333999
2022,2차,울주 나사리,국내기인,플라스틱류,"밧줄(꼬인 것, 어업용)",8,0.4,울산,PL,PL_2_25,20220331,동해안,35.355592,129.334535,35.355072,129.333999
2022,2차,울주 나사리,국내기인,플라스틱류,그물,0,0.0,울산,PL,PL_2_26,20220331,동해안,35.355592,129.334535,35.355072,129.333999
2022,2차,울주 나사리,국내기인,플라스틱류,비닐봉지,1,0.05,울산,PL,PL_2_31,20220331,동해안,35.355592,129.334535,35.355072,129.333999
2022,2차,울주 나사리,국내기인,플라스틱류,"비닐포장(빙과류, 과자봉지 등)",8,0.4,울산,PL,PL_2_32,20220331,동해안,35.355592,129.334535,35.355072,129.333999
2022,2차,울진 후정,외국기인,플라스틱류,그물,0,0.0,경북,PL,PL_2_49,20220331,동해안,37.070654,129.415776,37.07136,129.414542
2022,2차,울진 후정,외국기인,플라스틱류,"비닐포장(빙과류, 과자봉지, 비닐봉지 등)",0,0.0,경북,PL,PL_2_50,20220331,동해안,37.070654,129.415776,37.07136,129.414542
2022,2차,울진 후정,국내기인,플라스틱류,"끈(노끈, 포장용끈)",5,0.25,경북,PL,PL_2_24,20220331,동해안,37.070654,129.415776,37.07136,129.414542
2022,2차,울진 후정,국내기인,플라스틱류,"밧줄(꼬인 것, 어업용)",9,0.45,경북,PL,PL_2_25,20220331,동해안,37.070654,129.415776,37.07136,129.414542
2022,2차,울진 후정,국내기인,플라스틱류,그물,0,0.0,경북,PL,PL_2_26,20220331,동해안,37.070654,129.415776,37.07136,129.414542
2022,2차,울진 후정,국내기인,플라스틱류,비닐봉지,0,0.0,경북,PL,PL_2_31,20220331,동해안,37.070654,129.415776,37.07136,129.414542
2022,2차,울진 후정,국내기인,플라스틱류,"비닐포장(빙과류, 과자봉지 등)",8,0.4,경북,PL,PL_2_32,20220331,동해안,37.070654,129.415776,37.07136,129.414542
2022,2차,포항 구룡포,외국기인,플라스틱류,그물,0,0.0,경북,PL,PL_2_49,20220331,동해안,36.063294,129.574351,36.063752,129.573411
2022,2차,포항 구룡포,외국기인,플라스틱류,"비닐포장(빙과류, 과자봉지, 비닐봉지 등)",1,0.05,경북,PL,PL_2_50,20220331,동해안,36.063294,129.574351,36.063752,129.573411
2022,2차,포항 구룡포,국내기인,플라스틱류,"끈(노끈, 포장용끈)",2,0.1,경북,PL,PL_2_24,20220331,동해안,36.063294,129.574351,36.063752,129.573411
2022,2차,포항 구룡포,국내기인,플라스틱류,"밧줄(꼬인 것, 어업용)",57,2.85,경북,PL,PL_2_25,20220331,동해안,36.063294,129.574351,36.063752,129.573411
2022,2차,포항 구룡포,국내기인,플라스틱류,그물,0,0.0,경북,PL,PL_2_26,20220331,동해안,36.063294,129.574351,36.063752,129.573411
2022,2차,포항 구룡포,국내기인,플라스틱류,비닐봉지,0,0.0,경북,PL,PL_2_31,20220331,동해안,36.063294,129.574351,36.063752,129.573411
2022,2차,포항 구룡포,국내기인,플라스틱류,"비닐포장(빙과류, 과자봉지 등)",12,0.6,경북,PL,PL_2_32,20220331,동해안,36.063294,129.574351,36.063752,129.573411
2022,2차,포항 칠포,외국기인,플라스틱류,그물,0,0.0,경북,PL,PL_2_49,20220331,동해안,36.133848,129.398305,36.134681,129.397533
2022,2차,포항 칠포,외국기인,플라스틱류,"비닐포장(빙과류, 과자봉지, 비닐봉지 등)",0,0.0,경북,PL,PL_2_50,20220331,동해안,36.133848,129.398305,36.134681,129.397533
2022,2차,포항 칠포,국내기인,플라스틱류,"끈(노끈, 포장용끈)",1,0.05,경북,PL,PL_2_24,20220331,동해안,36.133848,129.398305,36.134681,129.397533
2022,2차,포항 칠포,국내기인,플라스틱류,"밧줄(꼬인 것, 어업용)",14,0.7,경북,PL,PL_2_25,20220331,동해안,36.133848,129.398305,36.134681,129.397533
2022,2차,포항 칠포,국내기인,플라스틱류,그물,0,0.0,경북,PL,PL_2_26,20220331,동해안,36.133848,129.398305,36.134681,129.397533
2022,2차,포항 칠포,국내기인,플라스틱류,비닐봉지,0,0.0,경북,PL,PL_2_31,20220331,동해안,36.133848,129.398305,36.134681,129.397533
2022,2차,포항 칠포,국내기인,플라스틱류,"비닐포장(빙과류, 과자봉지 등)",16,0.8,경북,PL,PL_2_32,20220331,동해안,36.133848,129.398305,36.134681,129.397533
2022,3차,강릉 송정,외국기인,플라스틱류,그물,0,0.0,강원,PL,PL_2_49,20220531,동해안,37.780347,128.937288,37.780843,128.936559
2022,3차,강릉 송정,외국기인,플라스틱류,"비닐포장(빙과류, 과자봉지, 비닐봉지 등)",0,0.0,강원,PL,PL_2_50,20220531,동해안,37.780347,128.937288,37.780843,128.936559
2022,3차,강릉 송정,국내기인,플라스틱류,"끈(노끈, 포장용끈)",0,0.0,강원,PL,PL_2_24,20220531,동해안,37.780347,128.937288,37.780843,128.936559
2022,3차,강릉 송정,국내기인,플라스틱류,"밧줄(꼬인 것, 어업용)",1,0.05,강원,PL,PL_2_25,20220531,동해안,37.780347,128.937288,37.780843,128.936559
2022,3차,강릉 송정,국내기인,플라스틱류,그물,0,0.0,강원,PL,PL_2_26,20220531,동해안,37.780347,128.937288,37.780843,128.936559
2022,3차,강릉 송정,국내기인,플라스틱류,비닐봉지,0,0.0,강원,PL,PL_2_31,20220531,동해안,37.780347,128.937288,37.780843,128.936559
2022,3차,강릉 송정,국내기인,플라스틱류,"비닐포장(빙과류, 과자봉지 등)",2,0.1,강원,PL,PL_2_32,20220531,동해안,37.780347,128.937288,37.780843,128.936559
2022,3차,동해 노봉,외국기인,플라스틱류,그물,0,0.0,강원,PL,PL_2_49,20220531,동해안,37.58859,129.09935,37.589185,129.098299
2022,3차,동해 노봉,외국기인,플라스틱류,"비닐포장(빙과류, 과자봉지, 비닐봉지 등)",0,0.0,강원,PL,PL_2_50,20220531,동해안,37.58859,129.09935,37.589185,129.098299
2022,3차,동해 노봉,국내기인,플라스틱류,"끈(노끈, 포장용끈)",2,0.1,강원,PL,PL_2_24,20220531,동해안,37.58859,129.09935,37.589185,129.098299
2022,3차,동해 노봉,국내기인,플라스틱류,"밧줄(꼬인 것, 어업용)",12,0.6,강원,PL,PL_2_25,20220531,동해안,37.58859,129.09935,37.589185,129.098299
2022,3차,동해 노봉,국내기인,플라스틱류,그물,0,0.0,강원,PL,PL_2_26,20220531,동해안,37.58859,129.09935,37.589185,129.098299
2022,3차,동해 노봉,국내기인,플라스틱류,비닐봉지,0,0.0,강원,PL,PL_2_31,20220531,동해안,37.58859,129.09935,37.589185,129.098299
2022,3차,동해 노봉,국내기인,플라스틱류,"비닐포장(빙과류, 과자봉지 등)",0,0.0,강원,PL,PL_2_32,20220531,동해안,37.58859,129.09935,37.589185,129.098299
2022,3차,부산 일광,외국기인,플라스틱류,그물,0,0.0,부산,PL,PL_2_49,20220531,동해안,35.252181,129.252428,35.252181,129.252428
2022,3차,부산 일광,외국기인,플라스틱류,"비닐포장(빙과류, 과자봉지, 비닐봉지 등)",0,0.0,부산,PL,PL_2_50,20220531,동해안,35.252181,129.252428,35.252181,129.252428
2022,3차,부산 일광,국내기인,플라스틱류,"끈(노끈, 포장용끈)",58,2.9,부산,PL,PL_2_24,20220531,동해안,35.252181,129.252428,35.252181,129.252428
2022,3차,부산 일광,국내기인,플라스틱류,"밧줄(꼬인 것, 어업용)",100,5.0,부산,PL,PL_2_25,20220531,동해안,35.252181,129.252428,35.252181,129.252428
2022,3차,부산 일광,국내기인,플라스틱류,그물,0,0.0,부산,PL,PL_2_26,20220531,동해안,35.252181,129.252428,35.252181,129.252428
2022,3차,부산 일광,국내기인,플라스틱류,비닐봉지,25,1.25,부산,PL,PL_2_31,20220531,동해안,35.252181,129.252428,35.252181,129.252428
2022,3차,부산 일광,국내기인,플라스틱류,"비닐포장(빙과류, 과자봉지 등)",65,3.25,부산,PL,PL_2_32,20220531,동해안,35.252181,129.252428,35.252181,129.252428
2022,3차,속초 청초,외국기인,플라스틱류,그물,0,0.0,강원,PL,PL_2_49,20220531,동해안,38.200627,128.597016,38.198843,128.597144
2022,3차,속초 청초,외국기인,플라스틱류,"비닐포장(빙과류, 과자봉지, 비닐봉지 등)",0,0.0,강원,PL,PL_2_50,20220531,동해안,38.200627,128.597016,38.198843,128.597144
2022,3차,속초 청초,국내기인,플라스틱류,"끈(노끈, 포장용끈)",1,0.05,강원,PL,PL_2_24,20220531,동해안,38.200627,128.597016,38.198843,128.597144
2022,3차,속초 청초,국내기인,플라스틱류,"밧줄(꼬인 것, 어업용)",15,0.75,강원,PL,PL_2_25,20220531,동해안,38.200627,128.597016,38.198843,128.597144
2022,3차,속초 청초,국내기인,플라스틱류,그물,0,0.0,강원,PL,PL_2_26,20220531,동해안,38.200627,128.597016,38.198843,128.597144
2022,3차,속초 청초,국내기인,플라스틱류,비닐봉지,4,0.2,강원,PL,PL_2_31,20220531,동해안,38.200627,128.597016,38.198843,128.597144
2022,3차,속초 청초,국내기인,플라스틱류,"비닐포장(빙과류, 과자봉지 등)",0,0.0,강원,PL,PL_2_32,20220531,동해안,38.200627,128.597016,38.198843,128.597144
2022,3차,영덕 고래불,외국기인,플라스틱류,그물,0,0.0,경북,PL,PL_2_49,20220531,동해안,36.591809,129.4101,36.590093,129.410426
2022,3차,영덕 고래불,외국기인,플라스틱류,"비닐포장(빙과류, 과자봉지, 비닐봉지 등)",0,0.0,경북,PL,PL_2_50,20220531,동해안,36.591809,129.4101,36.590093,129.410426
2022,3차,영덕 고래불,국내기인,플라스틱류,"끈(노끈, 포장용끈)",2,0.1,경북,PL,PL_2_24,20220531,동해안,36.591809,129.4101,36.590093,129.410426
2022,3차,영덕 고래불,국내기인,플라스틱류,"밧줄(꼬인 것, 어업용)",11,0.55,경북,PL,PL_2_25,20220531,동해안,36.591809,129.4101,36.590093,129.410426
2022,3차,영덕 고래불,국내기인,플라스틱류,그물,0,0.0,경북,PL,PL_2_26,20220531,동해안,36.591809,129.4101,36.590093,129.410426
2022,3차,영덕 고래불,국내기인,플라스틱류,비닐봉지,0,0.0,경북,PL,PL_2_31,20220531,동해안,36.591809,129.4101,36.590093,129.410426
2022,3차,영덕 고래불,국내기인,플라스틱류,"비닐포장(빙과류, 과자봉지 등)",2,0.1,경북,PL,PL_2_32,20220531,동해안,36.591809,129.4101,36.590093,129.410426
2022,3차,울릉 현포,외국기인,플라스틱류,그물,0,0.0,경북,PL,PL_2_49,20220531,동해안,37.52323,130.814637,37.52323,130.814637
2022,3차,울릉 현포,외국기인,플라스틱류,"비닐포장(빙과류, 과자봉지, 비닐봉지 등)",3,0.15,경북,PL,PL_2_50,20220531,동해안,37.52323,130.814637,37.52323,130.814637
2022,3차,울릉 현포,국내기인,플라스틱류,"끈(노끈, 포장용끈)",9,0.45,경북,PL,PL_2_24,20220531,동해안,37.52323,130.814637,37.52323,130.814637
2022,3차,울릉 현포,국내기인,플라스틱류,"밧줄(꼬인 것, 어업용)",76,3.8,경북,PL,PL_2_25,20220531,동해안,37.52323,130.814637,37.52323,130.814637
2022,3차,울릉 현포,국내기인,플라스틱류,그물,0,0.0,경북,PL,PL_2_26,20220531,동해안,37.52323,130.814637,37.52323,130.814637
2022,3차,울릉 현포,국내기인,플라스틱류,비닐봉지,0,0.0,경북,PL,PL_2_31,20220531,동해안,37.52323,130.814637,37.52323,130.814637
2022,3차,울릉 현포,국내기인,플라스틱류,"비닐포장(빙과류, 과자봉지 등)",7,0.35,경북,PL,PL_2_32,20220531,동해안,37.52323,130.814637,37.52323,130.814637
2022,3차,울산 대왕암,외국기인,플라스틱류,그물,0,0.0,울산,PL,PL_2_49,20220531,동해안,35.490138,129.439721,35.490602,129.440027
2022,3차,울산 대왕암,외국기인,플라스틱류,"비닐포장(빙과류, 과자봉지, 비닐봉지 등)",0,0.0,울산,PL,PL_2_50,20220531,동해안,35.490138,129.439721,35.490602,129.440027
2022,3차,울산 대왕암,국내기인,플라스틱류,"끈(노끈, 포장용끈)",0,0.0,울산,PL,PL_2_24,20220531,동해안,35.490138,129.439721,35.490602,129.440027
2022,3차,울산 대왕암,국내기인,플라스틱류,"밧줄(꼬인 것, 어업용)",12,0.6,울산,PL,PL_2_25,20220531,동해안,35.490138,129.439721,35.490602,129.440027
2022,3차,울산 대왕암,국내기인,플라스틱류,그물,2,0.1,울산,PL,PL_2_26,20220531,동해안,35.490138,129.439721,35.490602,129.440027
2022,3차,울산 대왕암,국내기인,플라스틱류,비닐봉지,2,0.1,울산,PL,PL_2_31,20220531,동해안,35.490138,129.439721,35.490602,129.440027
2022,3차,울산 대왕암,국내기인,플라스틱류,"비닐포장(빙과류, 과자봉지 등)",12,0.6,울산,PL,PL_2_32,20220531,동해안,35.490138,129.439721,35.490602,129.440027
2022,3차,울산 주전,외국기인,플라스틱류,그물,0,0.0,울산,PL,PL_2_49,20220531,동해안,35.568184,129.454903,35.568184,129.454903
2022,3차,울산 주전,외국기인,플라스틱류,"비닐포장(빙과류, 과자봉지, 비닐봉지 등)",0,0.0,울산,PL,PL_2_50,20220531,동해안,35.568184,129.454903,35.568184,129.454903
2022,3차,울산 주전,국내기인,플라스틱류,"끈(노끈, 포장용끈)",3,0.15,울산,PL,PL_2_24,20220531,동해안,35.568184,129.454903,35.568184,129.454903
2022,3차,울산 주전,국내기인,플라스틱류,"밧줄(꼬인 것, 어업용)",1,0.05,울산,PL,PL_2_25,20220531,동해안,35.568184,129.454903,35.568184,129.454903
2022,3차,울산 주전,국내기인,플라스틱류,그물,0,0.0,울산,PL,PL_2_26,20220531,동해안,35.568184,129.454903,35.568184,129.454903
2022,3차,울산 주전,국내기인,플라스틱류,비닐봉지,3,0.15,울산,PL,PL_2_31,20220531,동해안,35.568184,129.454903,35.568184,129.454903
2022,3차,울산 주전,국내기인,플라스틱류,"비닐포장(빙과류, 과자봉지 등)",14,0.7,울산,PL,PL_2_32,20220531,동해안,35.568184,129.454903,35.568184,129.454903
2022,3차,울주 나사리,외국기인,플라스틱류,그물,0,0.0,울산,PL,PL_2_49,20220531,동해안,35.355592,129.334535,35.355072,129.333999
2022,3차,울주 나사리,외국기인,플라스틱류,"비닐포장(빙과류, 과자봉지, 비닐봉지 등)",0,0.0,울산,PL,PL_2_50,20220531,동해안,35.355592,129.334535,35.355072,129.333999
2022,3차,울주 나사리,국내기인,플라스틱류,"끈(노끈, 포장용끈)",0,0.0,울산,PL,PL_2_24,20220531,동해안,35.355592,129.334535,35.355072,129.333999
2022,3차,울주 나사리,국내기인,플라스틱류,"밧줄(꼬인 것, 어업용)",6,0.3,울산,PL,PL_2_25,20220531,동해안,35.355592,129.334535,35.355072,129.333999
2022,3차,울주 나사리,국내기인,플라스틱류,그물,0,0.0,울산,PL,PL_2_26,20220531,동해안,35.355592,129.334535,35.355072,129.333999
2022,3차,울주 나사리,국내기인,플라스틱류,비닐봉지,3,0.15,울산,PL,PL_2_31,20220531,동해안,35.355592,129.334535,35.355072,129.333999
2022,3차,울주 나사리,국내기인,플라스틱류,"비닐포장(빙과류, 과자봉지 등)",10,0.5,울산,PL,PL_2_32,20220531,동해안,35.355592,129.334535,35.355072,129.333999
2022,3차,울진 후정,외국기인,플라스틱류,그물,0,0.0,경북,PL,PL_2_49,20220531,동해안,37.070654,129.415776,37.07136,129.414542
2022,3차,울진 후정,외국기인,플라스틱류,"비닐포장(빙과류, 과자봉지, 비닐봉지 등)",0,0.0,경북,PL,PL_2_50,20220531,동해안,37.070654,129.415776,37.07136,129.414542
2022,3차,울진 후정,국내기인,플라스틱류,"끈(노끈, 포장용끈)",5,0.25,경북,PL,PL_2_24,20220531,동해안,37.070654,129.415776,37.07136,129.414542
2022,3차,울진 후정,국내기인,플라스틱류,"밧줄(꼬인 것, 어업용)",0,0.0,경북,PL,PL_2_25,20220531,동해안,37.070654,129.415776,37.07136,129.414542
2022,3차,울진 후정,국내기인,플라스틱류,그물,0,0.0,경북,PL,PL_2_26,20220531,동해안,37.070654,129.415776,37.07136,129.414542
2022,3차,울진 후정,국내기인,플라스틱류,비닐봉지,2,0.1,경북,PL,PL_2_31,20220531,동해안,37.070654,129.415776,37.07136,129.414542
2022,3차,울진 후정,국내기인,플라스틱류,"비닐포장(빙과류, 과자봉지 등)",3,0.15,경북,PL,PL_2_32,20220531,동해안,37.070654,129.415776,37.07136,129.414542
2022,3차,포항 구룡포,외국기인,플라스틱류,그물,0,0.0,경북,PL,PL_2_49,20220531,동해안,36.063294,129.574351,36.063752,129.573411
2022,3차,포항 구룡포,외국기인,플라스틱류,"비닐포장(빙과류, 과자봉지, 비닐봉지 등)",1,0.05,경북,PL,PL_2_50,20220531,동해안,36.063294,129.574351,36.063752,129.573411
2022,3차,포항 구룡포,국내기인,플라스틱류,"끈(노끈, 포장용끈)",0,0.0,경북,PL,PL_2_24,20220531,동해안,36.063294,129.574351,36.063752,129.573411
2022,3차,포항 구룡포,국내기인,플라스틱류,"밧줄(꼬인 것, 어업용)",16,0.8,경북,PL,PL_2_25,20220531,동해안,36.063294,129.574351,36.063752,129.573411
2022,3차,포항 구룡포,국내기인,플라스틱류,그물,0,0.0,경북,PL,PL_2_26,20220531,동해안,36.063294,129.574351,36.063752,129.573411
2022,3차,포항 구룡포,국내기인,플라스틱류,비닐봉지,0,0.0,경북,PL,PL_2_31,20220531,동해안,36.063294,129.574351,36.063752,129.573411
2022,3차,포항 구룡포,국내기인,플라스틱류,"비닐포장(빙과류, 과자봉지 등)",14,0.7,경북,PL,PL_2_32,20220531,동해안,36.063294,129.574351,36.063752,129.573411
2022,3차,포항 칠포,외국기인,플라스틱류,그물,0,0.0,경북,PL,PL_2_49,20220531,동해안,36.133848,129.398305,36.134681,129.397533
2022,3차,포항 칠포,외국기인,플라스틱류,"비닐포장(빙과류, 과자봉지, 비닐봉지 등)",0,0.0,경북,PL,PL_2_50,20220531,동해안,36.133848,129.398305,36.134681,129.397533
2022,3차,포항 칠포,국내기인,플라스틱류,"끈(노끈, 포장용끈)",1,0.05,경북,PL,PL_2_24,20220531,동해안,36.133848,129.398305,36.134681,129.397533
2022,3차,포항 칠포,국내기인,플라스틱류,"밧줄(꼬인 것, 어업용)",15,0.75,경북,PL,PL_2_25,20220531,동해안,36.133848,129.398305,36.134681,129.397533
2022,3차,포항 칠포,국내기인,플라스틱류,그물,0,0.0,경북,PL,PL_2_26,20220531,동해안,36.133848,129.398305,36.134681,129.397533
2022,3차,포항 칠포,국내기인,플라스틱류,비닐봉지,0,0.0,경북,PL,PL_2_31,20220531,동해안,36.133848,129.398305,36.134681,129.397533
2022,3차,포항 칠포,국내기인,플라스틱류,"비닐포장(빙과류, 과자봉지 등)",6,0.3,경북,PL,PL_2_32,20220531,동해안,36.133848,129.398305,36.134681,129.397533
2022,4차,강릉 송정,외국기인,플라스틱류,그물,0,0.0,강원,PL,PL_2_49,20220731,동해안,37.780347,128.937288,37.780843,128.936559
2022,4차,강릉 송정,외국기인,플라스틱류,"비닐포장(빙과류, 과자봉지, 비닐봉지 등)",0,0.0,강원,PL,PL_2_50,20220731,동해안,37.780347,128.937288,37.780843,128.936559
2022,4차,강릉 송정,국내기인,플라스틱류,"끈(노끈, 포장용끈)",8,0.4,강원,PL,PL_2_24,20220731,동해안,37.780347,128.937288,37.780843,128.936559
2022,4차,강릉 송정,국내기인,플라스틱류,"밧줄(꼬인 것, 어업용)",0,0.0,강원,PL,PL_2_25,20220731,동해안,37.780347,128.937288,37.780843,128.936559
2022,4차,강릉 송정,국내기인,플라스틱류,그물,0,0.0,강원,PL,PL_2_26,20220731,동해안,37.780347,128.937288,37.780843,128.936559
2022,4차,강릉 송정,국내기인,플라스틱류,비닐봉지,11,0.55,강원,PL,PL_2_31,20220731,동해안,37.780347,128.937288,37.780843,128.936559
2022,4차,강릉 송정,국내기인,플라스틱류,"비닐포장(빙과류, 과자봉지 등)",2,0.1,강원,PL,PL_2_32,20220731,동해안,37.780347,128.937288,37.780843,128.936559
2022,4차,동해 노봉,외국기인,플라스틱류,그물,0,0.0,강원,PL,PL_2_49,20220731,동해안,37.58859,129.09935,37.589185,129.098299
2022,4차,동해 노봉,외국기인,플라스틱류,"비닐포장(빙과류, 과자봉지, 비닐봉지 등)",0,0.0,강원,PL,PL_2_50,20220731,동해안,37.58859,129.09935,37.589185,129.098299
2022,4차,동해 노봉,국내기인,플라스틱류,"끈(노끈, 포장용끈)",18,0.9,강원,PL,PL_2_24,20220731,동해안,37.58859,129.09935,37.589185,129.098299
2022,4차,동해 노봉,국내기인,플라스틱류,"밧줄(꼬인 것, 어업용)",38,1.9,강원,PL,PL_2_25,20220731,동해안,37.58859,129.09935,37.589185,129.098299
2022,4차,동해 노봉,국내기인,플라스틱류,그물,0,0.0,강원,PL,PL_2_26,20220731,동해안,37.58859,129.09935,37.589185,129.098299
2022,4차,동해 노봉,국내기인,플라스틱류,비닐봉지,0,0.0,강원,PL,PL_2_31,20220731,동해안,37.58859,129.09935,37.589185,129.098299
2022,4차,동해 노봉,국내기인,플라스틱류,"비닐포장(빙과류, 과자봉지 등)",0,0.0,강원,PL,PL_2_32,20220731,동해안,37.58859,129.09935,37.589185,129.098299
2022,4차,부산 일광,외국기인,플라스틱류,그물,0,0.0,부산,PL,PL_2_49,20220731,동해안,35.252181,129.252428,35.252181,129.252428
2022,4차,부산 일광,외국기인,플라스틱류,"비닐포장(빙과류, 과자봉지, 비닐봉지 등)",0,0.0,부산,PL,PL_2_50,20220731,동해안,35.252181,129.252428,35.252181,129.252428
2022,4차,부산 일광,국내기인,플라스틱류,"끈(노끈, 포장용끈)",10,0.5,부산,PL,PL_2_24,20220731,동해안,35.252181,129.252428,35.252181,129.252428
2022,4차,부산 일광,국내기인,플라스틱류,"밧줄(꼬인 것, 어업용)",69,3.45,부산,PL,PL_2_25,20220731,동해안,35.252181,129.252428,35.252181,129.252428
2022,4차,부산 일광,국내기인,플라스틱류,그물,0,0.0,부산,PL,PL_2_26,20220731,동해안,35.252181,129.252428,35.252181,129.252428
2022,4차,부산 일광,국내기인,플라스틱류,비닐봉지,37,1.85,부산,PL,PL_2_31,20220731,동해안,35.252181,129.252428,35.252181,129.252428
2022,4차,부산 일광,국내기인,플라스틱류,"비닐포장(빙과류, 과자봉지 등)",35,1.75,부산,PL,PL_2_32,20220731,동해안,35.252181,129.252428,35.252181,129.252428
2022,4차,속초 청초,외국기인,플라스틱류,그물,0,0.0,강원,PL,PL_2_49,20220731,동해안,38.200627,128.597016,38.198843,128.597144
2022,4차,속초 청초,외국기인,플라스틱류,"비닐포장(빙과류, 과자봉지, 비닐봉지 등)",0,0.0,강원,PL,PL_2_50,20220731,동해안,38.200627,128.597016,38.198843,128.597144
2022,4차,속초 청초,국내기인,플라스틱류,"끈(노끈, 포장용끈)",2,0.1,강원,PL,PL_2_24,20220731,동해안,38.200627,128.597016,38.198843,128.597144
2022,4차,속초 청초,국내기인,플라스틱류,"밧줄(꼬인 것, 어업용)",15,0.75,강원,PL,PL_2_25,20220731,동해안,38.200627,128.597016,38.198843,128.597144
2022,4차,속초 청초,국내기인,플라스틱류,그물,0,0.0,강원,PL,PL_2_26,20220731,동해안,38.200627,128.597016,38.198843,128.597144
2022,4차,속초 청초,국내기인,플라스틱류,비닐봉지,1,0.05,강원,PL,PL_2_31,20220731,동해안,38.200627,128.597016,38.198843,128.597144
2022,4차,속초 청초,국내기인,플라스틱류,"비닐포장(빙과류, 과자봉지 등)",18,0.9,강원,PL,PL_2_32,20220731,동해안,38.200627,128.597016,38.198843,128.597144
2022,4차,영덕 고래불,외국기인,플라스틱류,그물,0,0.0,경북,PL,PL_2_49,20220731,동해안,36.591809,129.4101,36.590093,129.410426
2022,4차,영덕 고래불,외국기인,플라스틱류,"비닐포장(빙과류, 과자봉지, 비닐봉지 등)",0,0.0,경북,PL,PL_2_50,20220731,동해안,36.591809,129.4101,36.590093,129.410426
2022,4차,영덕 고래불,국내기인,플라스틱류,"끈(노끈, 포장용끈)",4,0.2,경북,PL,PL_2_24,20220731,동해안,36.591809,129.4101,36.590093,129.410426
2022,4차,영덕 고래불,국내기인,플라스틱류,"밧줄(꼬인 것, 어업용)",17,0.85,경북,PL,PL_2_25,20220731,동해안,36.591809,129.4101,36.590093,129.410426
2022,4차,영덕 고래불,국내기인,플라스틱류,그물,0,0.0,경북,PL,PL_2_26,20220731,동해안,36.591809,129.4101,36.590093,129.410426
2022,4차,영덕 고래불,국내기인,플라스틱류,비닐봉지,0,0.0,경북,PL,PL_2_31,20220731,동해안,36.591809,129.4101,36.590093,129.410426
2022,4차,영덕 고래불,국내기인,플라스틱류,"비닐포장(빙과류, 과자봉지 등)",6,0.3,경북,PL,PL_2_32,20220731,동해안,36.591809,129.4101,36.590093,129.410426
2022,4차,울릉 현포,외국기인,플라스틱류,그물,1,0.05,경북,PL,PL_2_49,20220731,동해안,37.52323,130.814637,37.52323,130.814637
2022,4차,울릉 현포,외국기인,플라스틱류,"비닐포장(빙과류, 과자봉지, 비닐봉지 등)",13,0.65,경북,PL,PL_2_50,20220731,동해안,37.52323,130.814637,37.52323,130.814637
2022,4차,울릉 현포,국내기인,플라스틱류,"끈(노끈, 포장용끈)",15,0.75,경북,PL,PL_2_24,20220731,동해안,37.52323,130.814637,37.52323,130.814637
2022,4차,울릉 현포,국내기인,플라스틱류,"밧줄(꼬인 것, 어업용)",49,2.45,경북,PL,PL_2_25,20220731,동해안,37.52323,130.814637,37.52323,130.814637
2022,4차,울릉 현포,국내기인,플라스틱류,그물,0,0.0,경북,PL,PL_2_26,20220731,동해안,37.52323,130.814637,37.52323,130.814637
2022,4차,울릉 현포,국내기인,플라스틱류,비닐봉지,7,0.35,경북,PL,PL_2_31,20220731,동해안,37.52323,130.814637,37.52323,130.814637
2022,4차,울릉 현포,국내기인,플라스틱류,"비닐포장(빙과류, 과자봉지 등)",9,0.45,경북,PL,PL_2_32,20220731,동해안,37.52323,130.814637,37.52323,130.814637
2022,4차,울산 대왕암,외국기인,플라스틱류,그물,0,0.0,울산,PL,PL_2_49,20220731,동해안,35.490138,129.439721,35.490602,129.440027
2022,4차,울산 대왕암,외국기인,플라스틱류,"비닐포장(빙과류, 과자봉지, 비닐봉지 등)",0,0.0,울산,PL,PL_2_50,20220731,동해안,35.490138,129.439721,35.490602,129.440027
2022,4차,울산 대왕암,국내기인,플라스틱류,"끈(노끈, 포장용끈)",5,0.25,울산,PL,PL_2_24,20220731,동해안,35.490138,129.439721,35.490602,129.440027
2022,4차,울산 대왕암,국내기인,플라스틱류,"밧줄(꼬인 것, 어업용)",21,1.05,울산,PL,PL_2_25,20220731,동해안,35.490138,129.439721,35.490602,129.440027
2022,4차,울산 대왕암,국내기인,플라스틱류,그물,0,0.0,울산,PL,PL_2_26,20220731,동해안,35.490138,129.439721,35.490602,129.440027
2022,4차,울산 대왕암,국내기인,플라스틱류,비닐봉지,6,0.3,울산,PL,PL_2_31,20220731,동해안,35.490138,129.439721,35.490602,129.440027
2022,4차,울산 대왕암,국내기인,플라스틱류,"비닐포장(빙과류, 과자봉지 등)",11,0.55,울산,PL,PL_2_32,20220731,동해안,35.490138,129.439721,35.490602,129.440027
2022,4차,울산 주전,외국기인,플라스틱류,그물,0,0.0,울산,PL,PL_2_49,20220731,동해안,35.568184,129.454903,35.568184,129.454903
2022,4차,울산 주전,외국기인,플라스틱류,"비닐포장(빙과류, 과자봉지, 비닐봉지 등)",0,0.0,울산,PL,PL_2_50,20220731,동해안,35.568184,129.454903,35.568184,129.454903
2022,4차,울산 주전,국내기인,플라스틱류,"끈(노끈, 포장용끈)",17,0.85,울산,PL,PL_2_24,20220731,동해안,35.568184,129.454903,35.568184,129.454903
2022,4차,울산 주전,국내기인,플라스틱류,"밧줄(꼬인 것, 어업용)",3,0.15,울산,PL,PL_2_25,20220731,동해안,35.568184,129.454903,35.568184,129.454903
2022,4차,울산 주전,국내기인,플라스틱류,그물,1,0.05,울산,PL,PL_2_26,20220731,동해안,35.568184,129.454903,35.568184,129.454903
2022,4차,울산 주전,국내기인,플라스틱류,비닐봉지,5,0.25,울산,PL,PL_2_31,20220731,동해안,35.568184,129.454903,35.568184,129.454903
2022,4차,울산 주전,국내기인,플라스틱류,"비닐포장(빙과류, 과자봉지 등)",8,0.4,울산,PL,PL_2_32,20220731,동해안,35.568184,129.454903,35.568184,129.454903
2022,4차,울주 나사리,외국기인,플라스틱류,그물,0,0.0,울산,PL,PL_2_49,20220731,동해안,35.355592,129.334535,35.355072,129.333999
2022,4차,울주 나사리,외국기인,플라스틱류,"비닐포장(빙과류, 과자봉지, 비닐봉지 등)",0,0.0,울산,PL,PL_2_50,20220731,동해안,35.355592,129.334535,35.355072,129.333999
2022,4차,울주 나사리,국내기인,플라스틱류,"끈(노끈, 포장용끈)",1,0.05,울산,PL,PL_2_24,20220731,동해안,35.355592,129.334535,35.355072,129.333999
2022,4차,울주 나사리,국내기인,플라스틱류,"밧줄(꼬인 것, 어업용)",12,0.6,울산,PL,PL_2_25,20220731,동해안,35.355592,129.334535,35.355072,129.333999
2022,4차,울주 나사리,국내기인,플라스틱류,그물,0,0.0,울산,PL,PL_2_26,20220731,동해안,35.355592,129.334535,35.355072,129.333999
2022,4차,울주 나사리,국내기인,플라스틱류,비닐봉지,4,0.2,울산,PL,PL_2_31,20220731,동해안,35.355592,129.334535,35.355072,129.333999
2022,4차,울주 나사리,국내기인,플라스틱류,"비닐포장(빙과류, 과자봉지 등)",8,0.4,울산,PL,PL_2_32,20220731,동해안,35.355592,129.334535,35.355072,129.333999
2022,4차,울진 후정,외국기인,플라스틱류,그물,0,0.0,경북,PL,PL_2_49,20220731,동해안,37.070654,129.415776,37.07136,129.414542
2022,4차,울진 후정,외국기인,플라스틱류,"비닐포장(빙과류, 과자봉지, 비닐봉지 등)",0,0.0,경북,PL,PL_2_50,20220731,동해안,37.070654,129.415776,37.07136,129.414542
2022,4차,울진 후정,국내기인,플라스틱류,"끈(노끈, 포장용끈)",16,0.8,경북,PL,PL_2_24,20220731,동해안,37.070654,129.415776,37.07136,129.414542
2022,4차,울진 후정,국내기인,플라스틱류,"밧줄(꼬인 것, 어업용)",8,0.4,경북,PL,PL_2_25,20220731,동해안,37.070654,129.415776,37.07136,129.414542
2022,4차,울진 후정,국내기인,플라스틱류,그물,0,0.0,경북,PL,PL_2_26,20220731,동해안,37.070654,129.415776,37.07136,129.414542
2022,4차,울진 후정,국내기인,플라스틱류,비닐봉지,6,0.3,경북,PL,PL_2_31,20220731,동해안,37.070654,129.415776,37.07136,129.414542
2022,4차,울진 후정,국내기인,플라스틱류,"비닐포장(빙과류, 과자봉지 등)",0,0.0,경북,PL,PL_2_32,20220731,동해안,37.070654,129.415776,37.07136,129.414542
2022,4차,포항 구룡포,외국기인,플라스틱류,그물,0,0.0,경북,PL,PL_2_49,20220731,동해안,36.063294,129.574351,36.063752,129.573411
2022,4차,포항 구룡포,외국기인,플라스틱류,"비닐포장(빙과류, 과자봉지, 비닐봉지 등)",2,0.1,경북,PL,PL_2_50,20220731,동해안,36.063294,129.574351,36.063752,129.573411
2022,4차,포항 구룡포,국내기인,플라스틱류,"끈(노끈, 포장용끈)",6,0.3,경북,PL,PL_2_24,20220731,동해안,36.063294,129.574351,36.063752,129.573411
2022,4차,포항 구룡포,국내기인,플라스틱류,"밧줄(꼬인 것, 어업용)",27,1.35,경북,PL,PL_2_25,20220731,동해안,36.063294,129.574351,36.063752,129.573411
2022,4차,포항 구룡포,국내기인,플라스틱류,그물,0,0.0,경북,PL,PL_2_26,20220731,동해안,36.063294,129.574351,36.063752,129.573411
2022,4차,포항 구룡포,국내기인,플라스틱류,비닐봉지,0,0.0,경북,PL,PL_2_31,20220731,동해안,36.063294,129.574351,36.063752,129.573411
2022,4차,포항 구룡포,국내기인,플라스틱류,"비닐포장(빙과류, 과자봉지 등)",10,0.5,경북,PL,PL_2_32,20220731,동해안,36.063294,129.574351,36.063752,129.573411
2022,4차,포항 칠포,외국기인,플라스틱류,그물,0,0.0,경북,PL,PL_2_49,20220731,동해안,36.133848,129.398305,36.134681,129.397533
2022,4차,포항 칠포,외국기인,플라스틱류,"비닐포장(빙과류, 과자봉지, 비닐봉지 등)",0,0.0,경북,PL,PL_2_50,20220731,동해안,36.133848,129.398305,36.134681,129.397533
2022,4차,포항 칠포,국내기인,플라스틱류,"끈(노끈, 포장용끈)",1,0.05,경북,PL,PL_2_24,20220731,동해안,36.133848,129.398305,36.134681,129.397533
2022,4차,포항 칠포,국내기인,플라스틱류,"밧줄(꼬인 것, 어업용)",14,0.7,경북,PL,PL_2_25,20220731,동해안,36.133848,129.398305,36.134681,129.397533
2022,4차,포항 칠포,국내기인,플라스틱류,그물,0,0.0,경북,PL,PL_2_26,20220731,동해안,36.133848,129.398305,36.134681,129.397533
2022,4차,포항 칠포,국내기인,플라스틱류,비닐봉지,9,0.45,경북,PL,PL_2_31,20220731,동해안,36.133848,129.398305,36.134681,129.397533
2022,4차,포항 칠포,국내기인,플라스틱류,"비닐포장(빙과류, 과자봉지 등)",5,0.25,경북,PL,PL_2_32,20220731,동해안,36.133848,129.398305,36.134681,129.397533
2022,5차,강릉 송정,외국기인,플라스틱류,그물,0,0.0,강원,PL,PL_2_49,20220930,동해안,37.780347,128.937288,37.780843,128.936559
2022,5차,강릉 송정,외국기인,플라스틱류,"비닐포장(빙과류, 과자봉지, 비닐봉지 등)",0,0.0,강원,PL,PL_2_50,20220930,동해안,37.780347,128.937288,37.780843,128.936559
2022,5차,강릉 송정,국내기인,플라스틱류,"끈(노끈, 포장용끈)",1,0.05,강원,PL,PL_2_24,20220930,동해안,37.780347,128.937288,37.780843,128.936559
2022,5차,강릉 송정,국내기인,플라스틱류,"밧줄(꼬인 것, 어업용)",55,2.75,강원,PL,PL_2_25,20220930,동해안,37.780347,128.937288,37.780843,128.936559
2022,5차,강릉 송정,국내기인,플라스틱류,그물,0,0.0,강원,PL,PL_2_26,20220930,동해안,37.780347,128.937288,37.780843,128.936559
2022,5차,강릉 송정,국내기인,플라스틱류,비닐봉지,0,0.0,강원,PL,PL_2_31,20220930,동해안,37.780347,128.937288,37.780843,128.936559
2022,5차,강릉 송정,국내기인,플라스틱류,"비닐포장(빙과류, 과자봉지 등)",0,0.0,강원,PL,PL_2_32,20220930,동해안,37.780347,128.937288,37.780843,128.936559
2022,5차,동해 노봉,외국기인,플라스틱류,그물,0,0.0,강원,PL,PL_2_49,20220930,동해안,37.58859,129.09935,37.589185,129.098299
2022,5차,동해 노봉,외국기인,플라스틱류,"비닐포장(빙과류, 과자봉지, 비닐봉지 등)",0,0.0,강원,PL,PL_2_50,20220930,동해안,37.58859,129.09935,37.589185,129.098299
2022,5차,동해 노봉,국내기인,플라스틱류,"끈(노끈, 포장용끈)",5,0.25,강원,PL,PL_2_24,20220930,동해안,37.58859,129.09935,37.589185,129.098299
2022,5차,동해 노봉,국내기인,플라스틱류,"밧줄(꼬인 것, 어업용)",69,3.45,강원,PL,PL_2_25,20220930,동해안,37.58859,129.09935,37.589185,129.098299
2022,5차,동해 노봉,국내기인,플라스틱류,그물,1,0.05,강원,PL,PL_2_26,20220930,동해안,37.58859,129.09935,37.589185,129.098299
2022,5차,동해 노봉,국내기인,플라스틱류,비닐봉지,0,0.0,강원,PL,PL_2_31,20220930,동해안,37.58859,129.09935,37.589185,129.098299
2022,5차,동해 노봉,국내기인,플라스틱류,"비닐포장(빙과류, 과자봉지 등)",0,0.0,강원,PL,PL_2_32,20220930,동해안,37.58859,129.09935,37.589185,129.098299
2022,5차,부산 일광,외국기인,플라스틱류,그물,0,0.0,부산,PL,PL_2_49,20220930,동해안,35.252181,129.252428,35.252181,129.252428
2022,5차,부산 일광,외국기인,플라스틱류,"비닐포장(빙과류, 과자봉지, 비닐봉지 등)",0,0.0,부산,PL,PL_2_50,20220930,동해안,35.252181,129.252428,35.252181,129.252428
2022,5차,부산 일광,국내기인,플라스틱류,"끈(노끈, 포장용끈)",28,1.4,부산,PL,PL_2_24,20220930,동해안,35.252181,129.252428,35.252181,129.252428
2022,5차,부산 일광,국내기인,플라스틱류,"밧줄(꼬인 것, 어업용)",236,11.8,부산,PL,PL_2_25,20220930,동해안,35.252181,129.252428,35.252181,129.252428
2022,5차,부산 일광,국내기인,플라스틱류,그물,0,0.0,부산,PL,PL_2_26,20220930,동해안,35.252181,129.252428,35.252181,129.252428
2022,5차,부산 일광,국내기인,플라스틱류,비닐봉지,5,0.25,부산,PL,PL_2_31,20220930,동해안,35.252181,129.252428,35.252181,129.252428
2022,5차,부산 일광,국내기인,플라스틱류,"비닐포장(빙과류, 과자봉지 등)",111,5.55,부산,PL,PL_2_32,20220930,동해안,35.252181,129.252428,35.252181,129.252428
2022,5차,속초 청초,외국기인,플라스틱류,그물,0,0.0,강원,PL,PL_2_49,20220930,동해안,38.200627,128.597016,38.198843,128.597144
2022,5차,속초 청초,외국기인,플라스틱류,"비닐포장(빙과류, 과자봉지, 비닐봉지 등)",0,0.0,강원,PL,PL_2_50,20220930,동해안,38.200627,128.597016,38.198843,128.597144
2022,5차,속초 청초,국내기인,플라스틱류,"끈(노끈, 포장용끈)",1,0.05,강원,PL,PL_2_24,20220930,동해안,38.200627,128.597016,38.198843,128.597144
2022,5차,속초 청초,국내기인,플라스틱류,"밧줄(꼬인 것, 어업용)",18,0.9,강원,PL,PL_2_25,20220930,동해안,38.200627,128.597016,38.198843,128.597144
2022,5차,속초 청초,국내기인,플라스틱류,그물,0,0.0,강원,PL,PL_2_26,20220930,동해안,38.200627,128.597016,38.198843,128.597144
2022,5차,속초 청초,국내기인,플라스틱류,비닐봉지,6,0.3,강원,PL,PL_2_31,20220930,동해안,38.200627,128.597016,38.198843,128.597144
2022,5차,속초 청초,국내기인,플라스틱류,"비닐포장(빙과류, 과자봉지 등)",15,0.75,강원,PL,PL_2_32,20220930,동해안,38.200627,128.597016,38.198843,128.597144
2022,5차,영덕 고래불,외국기인,플라스틱류,그물,0,0.0,경북,PL,PL_2_49,20220930,동해안,36.591809,129.4101,36.590093,129.410426
2022,5차,영덕 고래불,외국기인,플라스틱류,"비닐포장(빙과류, 과자봉지, 비닐봉지 등)",0,0.0,경북,PL,PL_2_50,20220930,동해안,36.591809,129.4101,36.590093,129.410426
2022,5차,영덕 고래불,국내기인,플라스틱류,"끈(노끈, 포장용끈)",4,0.2,경북,PL,PL_2_24,20220930,동해안,36.591809,129.4101,36.590093,129.410426
2022,5차,영덕 고래불,국내기인,플라스틱류,"밧줄(꼬인 것, 어업용)",74,3.7,경북,PL,PL_2_25,20220930,동해안,36.591809,129.4101,36.590093,129.410426
2022,5차,영덕 고래불,국내기인,플라스틱류,그물,0,0.0,경북,PL,PL_2_26,20220930,동해안,36.591809,129.4101,36.590093,129.410426
2022,5차,영덕 고래불,국내기인,플라스틱류,비닐봉지,7,0.35,경북,PL,PL_2_31,20220930,동해안,36.591809,129.4101,36.590093,129.410426
2022,5차,영덕 고래불,국내기인,플라스틱류,"비닐포장(빙과류, 과자봉지 등)",12,0.6,경북,PL,PL_2_32,20220930,동해안,36.591809,129.4101,36.590093,129.410426
2022,5차,울릉 현포,외국기인,플라스틱류,그물,0,0.0,경북,PL,PL_2_49,20220930,동해안,37.52323,130.814637,37.52323,130.814637
2022,5차,울릉 현포,외국기인,플라스틱류,"비닐포장(빙과류, 과자봉지, 비닐봉지 등)",1,0.05,경북,PL,PL_2_50,20220930,동해안,37.52323,130.814637,37.52323,130.814637
2022,5차,울릉 현포,국내기인,플라스틱류,"끈(노끈, 포장용끈)",4,0.2,경북,PL,PL_2_24,20220930,동해안,37.52323,130.814637,37.52323,130.814637
2022,5차,울릉 현포,국내기인,플라스틱류,"밧줄(꼬인 것, 어업용)",88,4.4,경북,PL,PL_2_25,20220930,동해안,37.52323,130.814637,37.52323,130.814637
2022,5차,울릉 현포,국내기인,플라스틱류,그물,0,0.0,경북,PL,PL_2_26,20220930,동해안,37.52323,130.814637,37.52323,130.814637
2022,5차,울릉 현포,국내기인,플라스틱류,비닐봉지,16,0.8,경북,PL,PL_2_31,20220930,동해안,37.52323,130.814637,37.52323,130.814637
2022,5차,울릉 현포,국내기인,플라스틱류,"비닐포장(빙과류, 과자봉지 등)",8,0.4,경북,PL,PL_2_32,20220930,동해안,37.52323,130.814637,37.52323,130.814637
2022,5차,울산 대왕암,외국기인,플라스틱류,그물,0,0.0,울산,PL,PL_2_49,20220930,동해안,35.490138,129.439721,35.490602,129.440027
2022,5차,울산 대왕암,외국기인,플라스틱류,"비닐포장(빙과류, 과자봉지, 비닐봉지 등)",0,0.0,울산,PL,PL_2_50,20220930,동해안,35.490138,129.439721,35.490602,129.440027
2022,5차,울산 대왕암,국내기인,플라스틱류,"끈(노끈, 포장용끈)",0,0.0,울산,PL,PL_2_24,20220930,동해안,35.490138,129.439721,35.490602,129.440027
2022,5차,울산 대왕암,국내기인,플라스틱류,"밧줄(꼬인 것, 어업용)",45,2.25,울산,PL,PL_2_25,20220930,동해안,35.490138,129.439721,35.490602,129.440027
2022,5차,울산 대왕암,국내기인,플라스틱류,그물,1,0.05,울산,PL,PL_2_26,20220930,동해안,35.490138,129.439721,35.490602,129.440027
2022,5차,울산 대왕암,국내기인,플라스틱류,비닐봉지,1,0.05,울산,PL,PL_2_31,20220930,동해안,35.490138,129.439721,35.490602,129.440027
2022,5차,울산 대왕암,국내기인,플라스틱류,"비닐포장(빙과류, 과자봉지 등)",17,0.85,울산,PL,PL_2_32,20220930,동해안,35.490138,129.439721,35.490602,129.440027
2022,5차,울산 주전,외국기인,플라스틱류,그물,0,0.0,울산,PL,PL_2_49,20220930,동해안,35.568184,129.454903,35.568184,129.454903
2022,5차,울산 주전,외국기인,플라스틱류,"비닐포장(빙과류, 과자봉지, 비닐봉지 등)",0,0.0,울산,PL,PL_2_50,20220930,동해안,35.568184,129.454903,35.568184,129.454903
2022,5차,울산 주전,국내기인,플라스틱류,"끈(노끈, 포장용끈)",0,0.0,울산,PL,PL_2_24,20220930,동해안,35.568184,129.454903,35.568184,129.454903
2022,5차,울산 주전,국내기인,플라스틱류,"밧줄(꼬인 것, 어업용)",2,0.1,울산,PL,PL_2_25,20220930,동해안,35.568184,129.454903,35.568184,129.454903
2022,5차,울산 주전,국내기인,플라스틱류,그물,0,0.0,울산,PL,PL_2_26,20220930,동해안,35.568184,129.454903,35.568184,129.454903
2022,5차,울산 주전,국내기인,플라스틱류,비닐봉지,0,0.0,울산,PL,PL_2_31,20220930,동해안,35.568184,129.454903,35.568184,129.454903
2022,5차,울산 주전,국내기인,플라스틱류,"비닐포장(빙과류, 과자봉지 등)",3,0.15,울산,PL,PL_2_32,20220930,동해안,35.568184,129.454903,35.568184,129.454903
2022,5차,울주 나사리,외국기인,플라스틱류,그물,0,0.0,울산,PL,PL_2_49,20220930,동해안,35.355592,129.334535,35.355072,129.333999
2022,5차,울주 나사리,외국기인,플라스틱류,"비닐포장(빙과류, 과자봉지, 비닐봉지 등)",0,0.0,울산,PL,PL_2_50,20220930,동해안,35.355592,129.334535,35.355072,129.333999
2022,5차,울주 나사리,국내기인,플라스틱류,"끈(노끈, 포장용끈)",0,0.0,울산,PL,PL_2_24,20220930,동해안,35.355592,129.334535,35.355072,129.333999
2022,5차,울주 나사리,국내기인,플라스틱류,"밧줄(꼬인 것, 어업용)",10,0.5,울산,PL,PL_2_25,20220930,동해안,35.355592,129.334535,35.355072,129.333999
2022,5차,울주 나사리,국내기인,플라스틱류,그물,1,0.05,울산,PL,PL_2_26,20220930,동해안,35.355592,129.334535,35.355072,129.333999
2022,5차,울주 나사리,국내기인,플라스틱류,비닐봉지,12,0.6,울산,PL,PL_2_31,20220930,동해안,35.355592,129.334535,35.355072,129.333999
2022,5차,울주 나사리,국내기인,플라스틱류,"비닐포장(빙과류, 과자봉지 등)",2,0.1,울산,PL,PL_2_32,20220930,동해안,35.355592,129.334535,35.355072,129.333999
2022,5차,울진 후정,외국기인,플라스틱류,그물,0,0.0,경북,PL,PL_2_49,20220930,동해안,37.070654,129.415776,37.07136,129.414542
2022,5차,울진 후정,외국기인,플라스틱류,"비닐포장(빙과류, 과자봉지, 비닐봉지 등)",0,0.0,경북,PL,PL_2_50,20220930,동해안,37.070654,129.415776,37.07136,129.414542
2022,5차,울진 후정,국내기인,플라스틱류,"끈(노끈, 포장용끈)",2,0.1,경북,PL,PL_2_24,20220930,동해안,37.070654,129.415776,37.07136,129.414542
2022,5차,울진 후정,국내기인,플라스틱류,"밧줄(꼬인 것, 어업용)",35,1.75,경북,PL,PL_2_25,20220930,동해안,37.070654,129.415776,37.07136,129.414542
2022,5차,울진 후정,국내기인,플라스틱류,그물,0,0.0,경북,PL,PL_2_26,20220930,동해안,37.070654,129.415776,37.07136,129.414542
2022,5차,울진 후정,국내기인,플라스틱류,비닐봉지,13,0.65,경북,PL,PL_2_31,20220930,동해안,37.070654,129.415776,37.07136,129.414542
2022,5차,울진 후정,국내기인,플라스틱류,"비닐포장(빙과류, 과자봉지 등)",1,0.05,경북,PL,PL_2_32,20220930,동해안,37.070654,129.415776,37.07136,129.414542
2022,5차,포항 구룡포,외국기인,플라스틱류,그물,0,0.0,경북,PL,PL_2_49,20220930,동해안,36.063294,129.574351,36.063752,129.573411
2022,5차,포항 구룡포,외국기인,플라스틱류,"비닐포장(빙과류, 과자봉지, 비닐봉지 등)",0,0.0,경북,PL,PL_2_50,20220930,동해안,36.063294,129.574351,36.063752,129.573411
2022,5차,포항 구룡포,국내기인,플라스틱류,"끈(노끈, 포장용끈)",3,0.15,경북,PL,PL_2_24,20220930,동해안,36.063294,129.574351,36.063752,129.573411
2022,5차,포항 구룡포,국내기인,플라스틱류,"밧줄(꼬인 것, 어업용)",35,1.75,경북,PL,PL_2_25,20220930,동해안,36.063294,129.574351,36.063752,129.573411
2022,5차,포항 구룡포,국내기인,플라스틱류,그물,0,0.0,경북,PL,PL_2_26,20220930,동해안,36.063294,129.574351,36.063752,129.573411
2022,5차,포항 구룡포,국내기인,플라스틱류,비닐봉지,0,0.0,경북,PL,PL_2_31,20220930,동해안,36.063294,129.574351,36.063752,129.573411
2022,5차,포항 구룡포,국내기인,플라스틱류,"비닐포장(빙과류, 과자봉지 등)",7,0.35,경북,PL,PL_2_32,20220930,동해안,36.063294,129.574351,36.063752,129.573411
2022,5차,포항 칠포,외국기인,플라스틱류,그물,0,0.0,경북,PL,PL_2_49,20220930,동해안,36.133848,129.398305,36.134681,129.397533
2022,5차,포항 칠포,외국기인,플라스틱류,"비닐포장(빙과류, 과자봉지, 비닐봉지 등)",0,0.0,경북,PL,PL_2_50,20220930,동해안,36.133848,129.398305,36.134681,129.397533
2022,5차,포항 칠포,국내기인,플라스틱류,"끈(노끈, 포장용끈)",10,0.5,경북,PL,PL_2_24,20220930,동해안,36.133848,129.398305,36.134681,129.397533
2022,5차,포항 칠포,국내기인,플라스틱류,"밧줄(꼬인 것, 어업용)",51,2.55,경북,PL,PL_2_25,20220930,동해안,36.133848,129.398305,36.134681,129.397533
2022,5차,포항 칠포,국내기인,플라스틱류,그물,0,0.0,경북,PL,PL_2_26,20220930,동해안,36.133848,129.398305,36.134681,129.397533
2022,5차,포항 칠포,국내기인,플라스틱류,비닐봉지,0,0.0,경북,PL,PL_2_31,20220930,동해안,36.133848,129.398305,36.134681,129.397533
2022,5차,포항 칠포,국내기인,플라스틱류,"비닐포장(빙과류, 과자봉지 등)",16,0.8,경북,PL,PL_2_32,20220930,동해안,36.133848,129.398305,36.134681,129.397533
2022,6차,강릉 송정,외국기인,플라스틱류,그물,0,0.0,강원,PL,PL_2_49,20221130,동해안,37.780347,128.937288,37.780843,128.936559
2022,6차,강릉 송정,외국기인,플라스틱류,"비닐포장(빙과류, 과자봉지, 비닐봉지 등)",0,0.0,강원,PL,PL_2_50,20221130,동해안,37.780347,128.937288,37.780843,128.936559
2022,6차,강릉 송정,국내기인,플라스틱류,"끈(노끈, 포장용끈)",1,0.05,강원,PL,PL_2_24,20221130,동해안,37.780347,128.937288,37.780843,128.936559
2022,6차,강릉 송정,국내기인,플라스틱류,"밧줄(꼬인 것, 어업용)",55,2.75,강원,PL,PL_2_25,20221130,동해안,37.780347,128.937288,37.780843,128.936559
2022,6차,강릉 송정,국내기인,플라스틱류,그물,0,0.0,강원,PL,PL_2_26,20221130,동해안,37.780347,128.937288,37.780843,128.936559
2022,6차,강릉 송정,국내기인,플라스틱류,비닐봉지,0,0.0,강원,PL,PL_2_31,20221130,동해안,37.780347,128.937288,37.780843,128.936559
2022,6차,강릉 송정,국내기인,플라스틱류,"비닐포장(빙과류, 과자봉지 등)",0,0.0,강원,PL,PL_2_32,20221130,동해안,37.780347,128.937288,37.780843,128.936559
2022,6차,동해 노봉,외국기인,플라스틱류,그물,0,0.0,강원,PL,PL_2_49,20221130,동해안,37.58859,129.09935,37.589185,129.098299
2022,6차,동해 노봉,외국기인,플라스틱류,"비닐포장(빙과류, 과자봉지, 비닐봉지 등)",0,0.0,강원,PL,PL_2_50,20221130,동해안,37.58859,129.09935,37.589185,129.098299
2022,6차,동해 노봉,국내기인,플라스틱류,"끈(노끈, 포장용끈)",5,0.25,강원,PL,PL_2_24,20221130,동해안,37.58859,129.09935,37.589185,129.098299
2022,6차,동해 노봉,국내기인,플라스틱류,"밧줄(꼬인 것, 어업용)",8,0.4,강원,PL,PL_2_25,20221130,동해안,37.58859,129.09935,37.589185,129.098299
2022,6차,동해 노봉,국내기인,플라스틱류,그물,0,0.0,강원,PL,PL_2_26,20221130,동해안,37.58859,129.09935,37.589185,129.098299
2022,6차,동해 노봉,국내기인,플라스틱류,비닐봉지,0,0.0,강원,PL,PL_2_31,20221130,동해안,37.58859,129.09935,37.589185,129.098299
2022,6차,동해 노봉,국내기인,플라스틱류,"비닐포장(빙과류, 과자봉지 등)",0,0.0,강원,PL,PL_2_32,20221130,동해안,37.58859,129.09935,37.589185,129.098299
2022,6차,부산 일광,외국기인,플라스틱류,그물,0,0.0,부산,PL,PL_2_49,20221130,동해안,35.252181,129.252428,35.252181,129.252428
2022,6차,부산 일광,외국기인,플라스틱류,"비닐포장(빙과류, 과자봉지, 비닐봉지 등)",0,0.0,부산,PL,PL_2_50,20221130,동해안,35.252181,129.252428,35.252181,129.252428
2022,6차,부산 일광,국내기인,플라스틱류,"끈(노끈, 포장용끈)",11,0.55,부산,PL,PL_2_24,20221130,동해안,35.252181,129.252428,35.252181,129.252428
2022,6차,부산 일광,국내기인,플라스틱류,"밧줄(꼬인 것, 어업용)",31,1.55,부산,PL,PL_2_25,20221130,동해안,35.252181,129.252428,35.252181,129.252428
2022,6차,부산 일광,국내기인,플라스틱류,그물,11,0.55,부산,PL,PL_2_26,20221130,동해안,35.252181,129.252428,35.252181,129.252428
2022,6차,부산 일광,국내기인,플라스틱류,비닐봉지,10,0.5,부산,PL,PL_2_31,20221130,동해안,35.252181,129.252428,35.252181,129.252428
2022,6차,부산 일광,국내기인,플라스틱류,"비닐포장(빙과류, 과자봉지 등)",37,1.85,부산,PL,PL_2_32,20221130,동해안,35.252181,129.252428,35.252181,129.252428
2022,6차,속초 청초,외국기인,플라스틱류,그물,0,0.0,강원,PL,PL_2_49,20221130,동해안,38.200627,128.597016,38.198843,128.597144
2022,6차,속초 청초,외국기인,플라스틱류,"비닐포장(빙과류, 과자봉지, 비닐봉지 등)",0,0.0,강원,PL,PL_2_50,20221130,동해안,38.200627,128.597016,38.198843,128.597144
2022,6차,속초 청초,국내기인,플라스틱류,"끈(노끈, 포장용끈)",0,0.0,강원,PL,PL_2_24,20221130,동해안,38.200627,128.597016,38.198843,128.597144
2022,6차,속초 청초,국내기인,플라스틱류,"밧줄(꼬인 것, 어업용)",13,0.65,강원,PL,PL_2_25,20221130,동해안,38.200627,128.597016,38.198843,128.597144
2022,6차,속초 청초,국내기인,플라스틱류,그물,0,0.0,강원,PL,PL_2_26,20221130,동해안,38.200627,128.597016,38.198843,128.597144
2022,6차,속초 청초,국내기인,플라스틱류,비닐봉지,1,0.05,강원,PL,PL_2_31,20221130,동해안,38.200627,128.597016,38.198843,128.597144
2022,6차,속초 청초,국내기인,플라스틱류,"비닐포장(빙과류, 과자봉지 등)",0,0.0,강원,PL,PL_2_32,20221130,동해안,38.200627,128.597016,38.198843,128.597144
2022,6차,영덕 고래불,외국기인,플라스틱류,그물,0,0.0,경북,PL,PL_2_49,20221130,동해안,36.591809,129.4101,36.590093,129.410426
2022,6차,영덕 고래불,외국기인,플라스틱류,"비닐포장(빙과류, 과자봉지, 비닐봉지 등)",0,0.0,경북,PL,PL_2_50,20221130,동해안,36.591809,129.4101,36.590093,129.410426
2022,6차,영덕 고래불,국내기인,플라스틱류,"끈(노끈, 포장용끈)",0,0.0,경북,PL,PL_2_24,20221130,동해안,36.591809,129.4101,36.590093,129.410426
2022,6차,영덕 고래불,국내기인,플라스틱류,"밧줄(꼬인 것, 어업용)",12,0.6,경북,PL,PL_2_25,20221130,동해안,36.591809,129.4101,36.590093,129.410426
2022,6차,영덕 고래불,국내기인,플라스틱류,그물,0,0.0,경북,PL,PL_2_26,20221130,동해안,36.591809,129.4101,36.590093,129.410426
2022,6차,영덕 고래불,국내기인,플라스틱류,비닐봉지,0,0.0,경북,PL,PL_2_31,20221130,동해안,36.591809,129.4101,36.590093,129.410426
2022,6차,영덕 고래불,국내기인,플라스틱류,"비닐포장(빙과류, 과자봉지 등)",0,0.0,경북,PL,PL_2_32,20221130,동해안,36.591809,129.4101,36.590093,129.410426
2022,6차,울릉 현포,외국기인,플라스틱류,그물,0,0.0,경북,PL,PL_2_49,20221130,동해안,37.52323,130.814637,37.52323,130.814637
2022,6차,울릉 현포,외국기인,플라스틱류,"비닐포장(빙과류, 과자봉지, 비닐봉지 등)",4,0.2,경북,PL,PL_2_50,20221130,동해안,37.52323,130.814637,37.52323,130.814637
2022,6차,울릉 현포,국내기인,플라스틱류,"끈(노끈, 포장용끈)",19,0.95,경북,PL,PL_2_24,20221130,동해안,37.52323,130.814637,37.52323,130.814637
2022,6차,울릉 현포,국내기인,플라스틱류,"밧줄(꼬인 것, 어업용)",44,2.2,경북,PL,PL_2_25,20221130,동해안,37.52323,130.814637,37.52323,130.814637
2022,6차,울릉 현포,국내기인,플라스틱류,그물,2,0.1,경북,PL,PL_2_26,20221130,동해안,37.52323,130.814637,37.52323,130.814637
2022,6차,울릉 현포,국내기인,플라스틱류,비닐봉지,0,0.0,경북,PL,PL_2_31,20221130,동해안,37.52323,130.814637,37.52323,130.814637
2022,6차,울릉 현포,국내기인,플라스틱류,"비닐포장(빙과류, 과자봉지 등)",0,0.0,경북,PL,PL_2_32,20221130,동해안,37.52323,130.814637,37.52323,130.814637
2022,6차,울산 대왕암,외국기인,플라스틱류,그물,0,0.0,울산,PL,PL_2_49,20221130,동해안,35.490138,129.439721,35.490602,129.440027
2022,6차,울산 대왕암,외국기인,플라스틱류,"비닐포장(빙과류, 과자봉지, 비닐봉지 등)",0,0.0,울산,PL,PL_2_50,20221130,동해안,35.490138,129.439721,35.490602,129.440027
2022,6차,울산 대왕암,국내기인,플라스틱류,"끈(노끈, 포장용끈)",32,1.6,울산,PL,PL_2_24,20221130,동해안,35.490138,129.439721,35.490602,129.440027
2022,6차,울산 대왕암,국내기인,플라스틱류,"밧줄(꼬인 것, 어업용)",31,1.55,울산,PL,PL_2_25,20221130,동해안,35.490138,129.439721,35.490602,129.440027
2022,6차,울산 대왕암,국내기인,플라스틱류,그물,5,0.25,울산,PL,PL_2_26,20221130,동해안,35.490138,129.439721,35.490602,129.440027
2022,6차,울산 대왕암,국내기인,플라스틱류,비닐봉지,0,0.0,울산,PL,PL_2_31,20221130,동해안,35.490138,129.439721,35.490602,129.440027
2022,6차,울산 대왕암,국내기인,플라스틱류,"비닐포장(빙과류, 과자봉지 등)",0,0.0,울산,PL,PL_2_32,20221130,동해안,35.490138,129.439721,35.490602,129.440027
2022,6차,울산 주전,외국기인,플라스틱류,그물,0,0.0,울산,PL,PL_2_49,20221130,동해안,35.568184,129.454903,35.568184,129.454903
2022,6차,울산 주전,외국기인,플라스틱류,"비닐포장(빙과류, 과자봉지, 비닐봉지 등)",0,0.0,울산,PL,PL_2_50,20221130,동해안,35.568184,129.454903,35.568184,129.454903
2022,6차,울산 주전,국내기인,플라스틱류,"끈(노끈, 포장용끈)",1,0.05,울산,PL,PL_2_24,20221130,동해안,35.568184,129.454903,35.568184,129.454903
2022,6차,울산 주전,국내기인,플라스틱류,"밧줄(꼬인 것, 어업용)",1,0.05,울산,PL,PL_2_25,20221130,동해안,35.568184,129.454903,35.568184,129.454903
2022,6차,울산 주전,국내기인,플라스틱류,그물,0,0.0,울산,PL,PL_2_26,20221130,동해안,35.568184,129.454903,35.568184,129.454903
2022,6차,울산 주전,국내기인,플라스틱류,비닐봉지,0,0.0,울산,PL,PL_2_31,20221130,동해안,35.568184,129.454903,35.568184,129.454903
2022,6차,울산 주전,국내기인,플라스틱류,"비닐포장(빙과류, 과자봉지 등)",0,0.0,울산,PL,PL_2_32,20221130,동해안,35.568184,129.454903,35.568184,129.454903
2022,6차,울주 나사리,외국기인,플라스틱류,그물,0,0.0,울산,PL,PL_2_49,20221130,동해안,35.355592,129.334535,35.355072,129.333999
2022,6차,울주 나사리,외국기인,플라스틱류,"비닐포장(빙과류, 과자봉지, 비닐봉지 등)",0,0.0,울산,PL,PL_2_50,20221130,동해안,35.355592,129.334535,35.355072,129.333999
2022,6차,울주 나사리,국내기인,플라스틱류,"끈(노끈, 포장용끈)",2,0.1,울산,PL,PL_2_24,20221130,동해안,35.355592,129.334535,35.355072,129.333999
2022,6차,울주 나사리,국내기인,플라스틱류,"밧줄(꼬인 것, 어업용)",1,0.05,울산,PL,PL_2_25,20221130,동해안,35.355592,129.334535,35.355072,129.333999
2022,6차,울주 나사리,국내기인,플라스틱류,그물,0,0.0,울산,PL,PL_2_26,20221130,동해안,35.355592,129.334535,35.355072,129.333999
2022,6차,울주 나사리,국내기인,플라스틱류,비닐봉지,13,0.65,울산,PL,PL_2_31,20221130,동해안,35.355592,129.334535,35.355072,129.333999
2022,6차,울주 나사리,국내기인,플라스틱류,"비닐포장(빙과류, 과자봉지 등)",4,0.2,울산,PL,PL_2_32,20221130,동해안,35.355592,129.334535,35.355072,129.333999
2022,6차,울진 후정,외국기인,플라스틱류,그물,0,0.0,경북,PL,PL_2_49,20221130,동해안,37.070654,129.415776,37.07136,129.414542
2022,6차,울진 후정,외국기인,플라스틱류,"비닐포장(빙과류, 과자봉지, 비닐봉지 등)",0,0.0,경북,PL,PL_2_50,20221130,동해안,37.070654,129.415776,37.07136,129.414542
2022,6차,울진 후정,국내기인,플라스틱류,"끈(노끈, 포장용끈)",3,0.15,경북,PL,PL_2_24,20221130,동해안,37.070654,129.415776,37.07136,129.414542
2022,6차,울진 후정,국내기인,플라스틱류,"밧줄(꼬인 것, 어업용)",0,0.0,경북,PL,PL_2_25,20221130,동해안,37.070654,129.415776,37.07136,129.414542
2022,6차,울진 후정,국내기인,플라스틱류,그물,0,0.0,경북,PL,PL_2_26,20221130,동해안,37.070654,129.415776,37.07136,129.414542
2022,6차,울진 후정,국내기인,플라스틱류,비닐봉지,1,0.05,경북,PL,PL_2_31,20221130,동해안,37.070654,129.415776,37.07136,129.414542
2022,6차,울진 후정,국내기인,플라스틱류,"비닐포장(빙과류, 과자봉지 등)",0,0.0,경북,PL,PL_2_32,20221130,동해안,37.070654,129.415776,37.07136,129.414542
2022,6차,포항 구룡포,외국기인,플라스틱류,그물,0,0.0,경북,PL,PL_2_49,20221130,동해안,36.063294,129.574351,36.063752,129.573411
2022,6차,포항 구룡포,외국기인,플라스틱류,"비닐포장(빙과류, 과자봉지, 비닐봉지 등)",1,0.05,경북,PL,PL_2_50,20221130,동해안,36.063294,129.574351,36.063752,129.573411
2022,6차,포항 구룡포,국내기인,플라스틱류,"끈(노끈, 포장용끈)",17,0.85,경북,PL,PL_2_24,20221130,동해안,36.063294,129.574351,36.063752,129.573411
2022,6차,포항 구룡포,국내기인,플라스틱류,"밧줄(꼬인 것, 어업용)",82,4.1,경북,PL,PL_2_25,20221130,동해안,36.063294,129.574351,36.063752,129.573411
2022,6차,포항 구룡포,국내기인,플라스틱류,그물,0,0.0,경북,PL,PL_2_26,20221130,동해안,36.063294,129.574351,36.063752,129.573411
2022,6차,포항 구룡포,국내기인,플라스틱류,비닐봉지,0,0.0,경북,PL,PL_2_31,20221130,동해안,36.063294,129.574351,36.063752,129.573411
2022,6차,포항 구룡포,국내기인,플라스틱류,"비닐포장(빙과류, 과자봉지 등)",38,1.9,경북,PL,PL_2_32,20221130,동해안,36.063294,129.574351,36.063752,129.573411
2022,6차,포항 칠포,외국기인,플라스틱류,그물,0,0.0,경북,PL,PL_2_49,20221130,동해안,36.133848,129.398305,36.134681,129.397533
2022,6차,포항 칠포,외국기인,플라스틱류,"비닐포장(빙과류, 과자봉지, 비닐봉지 등)",2,0.1,경북,PL,PL_2_50,20221130,동해안,36.133848,129.398305,36.134681,129.397533
2022,6차,포항 칠포,국내기인,플라스틱류,"끈(노끈, 포장용끈)",11,0.55,경북,PL,PL_2_24,20221130,동해안,36.133848,129.398305,36.134681,129.397533
2022,6차,포항 칠포,국내기인,플라스틱류,"밧줄(꼬인 것, 어업용)",103,5.15,경북,PL,PL_2_25,20221130,동해안,36.133848,129.398305,36.134681,129.397533
2022,6차,포항 칠포,국내기인,플라스틱류,그물,0,0.0,경북,PL,PL_2_26,20221130,동해안,36.133848,129.398305,36.134681,129.397533
2022,6차,포항 칠포,국내기인,플라스틱류,비닐봉지,3,0.15,경북,PL,PL_2_31,20221130,동해안,36.133848,129.398305,36.134681,129.397533
2022,6차,포항 칠포,국내기인,플라스틱류,"비닐포장(빙과류, 과자봉지 등)",12,0.6,경북,PL,PL_2_32,20221130,동해안,36.133848,129.398305,36.134681,129.397533
